FREQ,Frequency,BORROWERS_CTY,Borrowers' country,TC_BORROWERS,Borrowing sector,TC_LENDERS,Lending sector,CG_DTYPE,Credit gap data type,TIME_FORMAT,Time Format,TITLE_TS,Series,1947-Q4,1948-Q1,1948-Q2,1948-Q3,1948-Q4,1949-Q1,1949-Q2,1949-Q3,1949-Q4,1950-Q1,1950-Q2,1950-Q3,1950-Q4,1951-Q1,1951-Q2,1951-Q3,1951-Q4,1952-Q1,1952-Q2,1952-Q3,1952-Q4,1953-Q1,1953-Q2,1953-Q3,1953-Q4,1954-Q1,1954-Q2,1954-Q3,1954-Q4,1955-Q1,1955-Q2,1955-Q3,1955-Q4,1956-Q1,1956-Q2,1956-Q3,1956-Q4,1957-Q1,1957-Q2,1957-Q3,1957-Q4,1958-Q1,1958-Q2,1958-Q3,1958-Q4,1959-Q1,1959-Q2,1959-Q3,1959-Q4,1960-Q1,1960-Q2,1960-Q3,1960-Q4,1961-Q1,1961-Q2,1961-Q3,1961-Q4,1962-Q1,1962-Q2,1962-Q3,1962-Q4,1963-Q1,1963-Q2,1963-Q3,1963-Q4,1964-Q1,1964-Q2,1964-Q3,1964-Q4,1965-Q1,1965-Q2,1965-Q3,1965-Q4,1966-Q1,1966-Q2,1966-Q3,1966-Q4,1967-Q1,1967-Q2,1967-Q3,1967-Q4,1968-Q1,1968-Q2,1968-Q3,1968-Q4,1969-Q1,1969-Q2,1969-Q3,1969-Q4,1970-Q1,1970-Q2,1970-Q3,1970-Q4,1971-Q1,1971-Q2,1971-Q3,1971-Q4,1972-Q1,1972-Q2,1972-Q3,1972-Q4,1973-Q1,1973-Q2,1973-Q3,1973-Q4,1974-Q1,1974-Q2,1974-Q3,1974-Q4,1975-Q1,1975-Q2,1975-Q3,1975-Q4,1976-Q1,1976-Q2,1976-Q3,1976-Q4,1977-Q1,1977-Q2,1977-Q3,1977-Q4,1978-Q1,1978-Q2,1978-Q3,1978-Q4,1979-Q1,1979-Q2,1979-Q3,1979-Q4,1980-Q1,1980-Q2,1980-Q3,1980-Q4,1981-Q1,1981-Q2,1981-Q3,1981-Q4,1982-Q1,1982-Q2,1982-Q3,1982-Q4,1983-Q1,1983-Q2,1983-Q3,1983-Q4,1984-Q1,1984-Q2,1984-Q3,1984-Q4,1985-Q1,1985-Q2,1985-Q3,1985-Q4,1986-Q1,1986-Q2,1986-Q3,1986-Q4,1987-Q1,1987-Q2,1987-Q3,1987-Q4,1988-Q1,1988-Q2,1988-Q3,1988-Q4,1989-Q1,1989-Q2,1989-Q3,1989-Q4,1990-Q1,1990-Q2,1990-Q3,1990-Q4,1991-Q1,1991-Q2,1991-Q3,1991-Q4,1992-Q1,1992-Q2,1992-Q3,1992-Q4,1993-Q1,1993-Q2,1993-Q3,1993-Q4,1994-Q1,1994-Q2,1994-Q3,1994-Q4,1995-Q1,1995-Q2,1995-Q3,1995-Q4,1996-Q1,1996-Q2,1996-Q3,1996-Q4,1997-Q1,1997-Q2,1997-Q3,1997-Q4,1998-Q1,1998-Q2,1998-Q3,1998-Q4,1999-Q1,1999-Q2,1999-Q3,1999-Q4,2000-Q1,2000-Q2,2000-Q3,2000-Q4,2001-Q1,2001-Q2,2001-Q3,2001-Q4,2002-Q1,2002-Q2,2002-Q3,2002-Q4,2003-Q1,2003-Q2,2003-Q3,2003-Q4,2004-Q1,2004-Q2,2004-Q3,2004-Q4,2005-Q1,2005-Q2,2005-Q3,2005-Q4,2006-Q1,2006-Q2,2006-Q3,2006-Q4,2007-Q1,2007-Q2,2007-Q3,2007-Q4,2008-Q1,2008-Q2,2008-Q3,2008-Q4,2009-Q1,2009-Q2,2009-Q3,2009-Q4,2010-Q1,2010-Q2,2010-Q3,2010-Q4,2011-Q1,2011-Q2,2011-Q3,2011-Q4,2012-Q1,2012-Q2,2012-Q3,2012-Q4,2013-Q1,2013-Q2,2013-Q3,2013-Q4,2014-Q1,2014-Q2,2014-Q3,2014-Q4,2015-Q1,2015-Q2,2015-Q3,2015-Q4,2016-Q1,2016-Q2,2016-Q3,2016-Q4,2017-Q1,2017-Q2,2017-Q3,2017-Q4,2018-Q1,2018-Q2,2018-Q3,2018-Q4,2019-Q1,2019-Q2,2019-Q3,2019-Q4,2020-Q1,2020-Q2,2020-Q3,2020-Q4,2021-Q1,2021-Q2,2021-Q3,2021-Q4,2022-Q1,2022-Q2,2022-Q3,2022-Q4,2023-Q1,2023-Q2,2023-Q3,2023-Q4,2024-Q1,2024-Q2,2024-Q3,2024-Q4,2025-Q1,2025-Q2,2025-Q3,2025-Q4,2026-Q1
Q,Quarterly,IT,Italy,P,Private non-financial sector,A,All sectors,A,Credit-to-GDP ratios (actual data),,,,Q:IT:P:A:A,,,,,,,,,,,,,,,,,,,,,,,,,,,,,,,,,,,,,,,,,,,,,,,,,,,,,53.5235671967,54.939346468986,56.070425649211,57.146800284295,57.786171328582,59.192811280518,60.469696323937,61.756670435691,62.835306060847,64.241316426972,65.293266188271,66.147482808178,66.847421584837,65.975764399145,65.786937014598,65.890314631432,66.314786315883,67.107452026514,67.597309351468,67.863875119664,67.928323098073,68.707964970696,69.468782131392,69.973615973382,70.685971399971,71.449668658939,71.965331137165,72.723719078302,73.194687085546,73.912568034586,74.661268579208,75.213992646122,75.599467658366,76.100002240122,76.412728682245,76.710764284807,77.687697081514,78.106556090498,78.238467833279,78.102594484265,77.472043356832,78.128593319754,79.289475223717,80.623861664766,81.7474729198,82.692310517619,83.704374303789,84.801602578487,85.707661493804,86.699085624158,86.17867568415,84.591881675169,82.975103173171,81.686571301888,80.368502757392,78.965025651127,77.831141696726,77.596057219178,77.932930855803,78.497766803919,78.663338948683,78.164938593726,74.283965903205,72.776706013776,71.683044554947,70.207060580134,68.433627412588,67.538748441811,68.162249628051,64.001567857995,61.144279814416,60.699356899717,62.185193040328,60.215625923778,58.320485674572,57.304132156631,59.151721292348,56.878704157267,56.946079047211,54.54874176309,58.155878348445,57.617238152304,56.914020999963,55.841693199827,57.770465223449,54.996925300632,53.610115568577,53.334256353635,55.477820575277,53.883593396906,52.544213621426,51.317250636551,53.798335783699,53.463016623032,54.015710127136,54.928117016356,57.703030260002,56.852086277149,55.676580279722,54.212331289737,57.752408442059,53.899536686336,53.991817173031,53.647609727012,57.674856718059,56.471184243055,57.101859882196,54.782643459434,58.85513630534,56.610663530336,58.287971877034,57.223291168669,61.296082882982,60.279166569318,62.098825353305,60.396695483513,64.980687989804,62.572397701576,63.40751425302,61.472652925603,67.900436504576,64.53885192532,66.858997543335,65.978597389526,70.324604687249,69.316756773095,70.734014730298,70.731658958242,74.363272083177,73.786449282853,73.933813557127,72.556798169168,74.826277232802,71.410680048162,71.195122108491,69.05447119514,71.391617889916,70.11607332231,70.585663517988,69.124165266562,69.754103903594,68.382916085252,68.277690180951,67.213648064382,68.149810241859,67.096065740382,67.557056404425,66.49689955512,67.672354224117,67.08055720215,67.443429251989,66.571508519821,68.208529260228,67.698921117034,71.087258728778,71.820766889463,74.784543928827,74.264067893779,74.986469598499,75.559180558521,78.374124337194,78.936421845085,79.83507370746,79.94464754804,81.847682393711,81.882486282025,82.983858290262,82.769202895714,84.332764663147,84.459181210462,85.899896241081,85.742560911613,87.995847569431,87.726778933355,89.650196149757,89.877228639629,91.994837775357,92.929161633172,94.415001546706,94.978721081323,97.335796112968,98.383971514629,100.17616374979,100.86230373004,103.33798246107,104.14082757054,106.70387329256,107.57719614178,111.30145481661,114.86181308307,115.27172640268,115.34170532315,114.92392578567,118.28781348764,122.14841280153,122.53444957037,123.3503231551,123.56290802063,123.93985703031,124.1263421521,124.08341141631,123.90402129215,124.14965428039,123.59080892343,122.88022095681,123.53448513419,124.12190045364,124.17792081538,125.05135342911,124.45953809824,124.13023553123,123.69644528508,122.95536378264,122.64498384161,122.61342202485,122.33159215776,121.03935597744,121.03896322174,120.25547656717,119.35179559529,117.1759362737,115.96550427791,116.21093053689,115.2726347944,113.26207517757,113.005190934,111.9850228467,110.41201693349,110.55791453224,109.60227432375,109.83651899908,109.32642329345,108.95520541768,108.18868913961,108.24382981841,108.37228223166,107.92810651971,109.58322406738,115.41589902223,118.4896972654,120.59875368599,120.3884899328,115.9333947148,113.48909056705,113.09058901102,110.44472852334,108.58146121862,107.12382796294,105.81596515993,103.105771548,101.29272109952,98.441940093616,98.026504594179,96.579756050257,95.711949932029,94.532945447708,94.971285359901,94.724685147986,94.934795799443,94.166947983926,94.31593398149,94.248838201895
Q,Quarterly,PL,Poland,P,Private non-financial sector,A,All sectors,C,Credit-to-GDP gaps (actual-trend),,,,Q:PL:P:A:C,,,,,,,,,,,,,,,,,,,,,,,,,,,,,,,,,,,,,,,,,,,,,,,,,,,,,,,,,,,,,,,,,,,,,,,,,,,,,,,,,,,,,,,,,,,,,,,,,,,,,,,,,,,,,,,,,,,,,,,,,,,,,,,,,,,,,,,,,,,,,,,,,,,,,,,,,,,,,,,,,,,,,,,,,,,,,,,,,,,,,,,,,,,,,,,,,,,,,,,,,,,,,,,,,,,,,,,,,,3.7534,5.3891,6.5394,6.0073,5.6836,3.8893,3.0715,1.2736,0.9511,-0.6084,-2.1104,-5.565,-6.4089,-5.9876,-5.9912,-5.2886,-4.6303,-2.9647,-1.0055,-0.0227,0.5593,1.7999,3.7213,4.2277,5.1906,5.737,7.6091,12.7144,15.1604,12.3179,10.1382,7.162,6.3683,7.8561,6.2101,5.8993,4.1272,4.1931,6.2823,5.6845,3.8482,3.3987,2.1144,2.0164,1.9979,2.8677,2.5401,1.0633,0.5855,0.9285,0.6329,0.3138,0.3344,0.3134,-0.1494,-1.5266,-2.1133,-1.772,-2.92,-1.4386,-3.5472,-4.9995,-6.3187,-8.0104,-7.7076,-7.9665,-8.8197,-10.0366,-10.7378,-11.6828,-11.3465,-12.7692,-10.7054,-10.5286,-11.1608,-11.0863,-11.5117,-13.6154,-13.5624,-14.7104,-16.0698,-17.4583,-17.3721,-20.7735,-21.7714,-22.7763,-21.8938,-22.3921,-21.7584,-20.9014,-20.6847,-19.7434,-19.6198,-18.6222,-17.4216,-16.866,-15.6248
Q,Quarterly,BR,Brazil,P,Private non-financial sector,A,All sectors,C,Credit-to-GDP gaps (actual-trend),,,,Q:BR:P:A:C,,,,,,,,,,,,,,,,,,,,,,,,,,,,,,,,,,,,,,,,,,,,,,,,,,,,,,,,,,,,,,,,,,,,,,,,,,,,,,,,,,,,,,,,,,,,,,,,,,,,,,,,,,,,,,,,,,,,,,,,,,,,,,,,,,,,,,,,,,,,,,,,,,,,,,,,,,,,,,,,,,,,,,,,,,,,,,,,,,,,,,,,,,,,,,,,,,,,,,,,,,,,,,,,,,,,,,,,,,,,,,,,,,,,,,,,,,-0.9434,0.106,0.859,2.1867,0.284,-0.89,-0.4945,0.0371,1.4763,3.1429,4.7614,6.5001,5.0994,5.3463,6.1449,6.8385,4.5669,3.6495,5.0794,5.9646,5.3566,5.2782,5.4377,7.0271,6.5975,7.6936,7.4033,8.5057,7.6949,9.4487,8.3627,9.1862,7.5115,6.9839,7.8004,9.496,11.3658,9.9275,13.4399,12.4374,8.4146,4.5373,3.0393,2.0267,-0.0512,-0.6095,-2.3293,-1.5086,-3.627,-1.8689,-1.6622,-0.8725,-1.232,-1.0466,-0.2404,0.0408,4.038,6.126,7.6652,6.236,5.8798,0.6939,1.424,2.0785,-0.994,0.506,1.2897,1.1453,-0.6247,-2.3308,-0.9841,-1.1943,-0.7361,1.0407,1.0745,4.2105,1.728,0.4019,-0.0644,1.7781,0.7199
Q,Quarterly,JP,Japan,P,Private non-financial sector,A,All sectors,B,Credit-to-GDP trend (HP filter),,,,Q:JP:P:A:B,,,,,,,,,,,,,,,,,,,,,,,,,,,,,,,,,,,,,,,,,,,,,,,,,,,,,,,,,,,,,,,,,,,,,,,,,,,,,,,,,,,,,,,,,,,,,,,,,,,,,,,,,,,,,136.953,137.1126,137.2611,137.5679,138.1397,138.6325,139.0281,139.4142,139.9024,140.2426,140.4374,140.641,140.8941,141.02,141.0124,141.004,141.1246,141.1319,141.0893,141.158,141.406,141.6681,141.9075,142.1374,142.4164,142.6276,142.7504,142.974,143.3942,143.8123,144.1992,144.7081,145.3725,146.1225,146.8234,147.6006,148.5082,149.4224,150.2202,151.1346,152.0829,153.0457,153.8798,154.7488,155.6751,156.5723,157.3998,158.337,159.4427,160.6079,162.0665,163.6847,165.4271,167.0637,168.6576,170.3391,172.1569,173.9634,175.7729,177.7602,179.8816,182.1875,184.3079,186.4345,188.5663,190.4945,192.2784,193.9916,195.717,197.2855,198.7736,200.226,201.7801,203.2554,204.6937,206.1741,207.7078,209.048,210.1841,211.275,212.3304,213.2905,214.0926,214.8732,215.6553,216.28,216.7404,217.0899,217.4388,217.5651,217.5959,217.5658,217.6694,217.6007,217.5055,217.4593,217.1642,216.6796,216.0818,215.4561,214.9786,214.342,213.4847,212.5923,211.6152,210.5095,209.2813,208.0669,206.9106,205.7327,204.513,203.1875,201.9288,200.579,199.0966,197.5328,196.0141,194.3715,192.642,190.8779,189.1846,187.5894,185.9316,184.3701,182.874,181.3857,179.903,178.506,177.1626,175.8173,174.3543,172.9839,171.7205,170.4056,169.2613,168.1941,167.3946,166.7097,166.1562,165.7519,165.4486,165.0138,164.5137,163.9032,163.238,162.5505,161.9037,161.3376,160.8266,160.276,159.5869,158.9851,158.4811,158.0096,157.4938,156.9884,156.5172,156.0078,155.4168,154.8569,154.3494,153.788,153.1222,152.4524,151.8353,151.1946,150.6154,150.1428,149.7769,149.4609,149.1305,148.8236,148.5537,148.2789,148.0578,147.9251,147.8982,147.9069,147.9533,148.0871,148.3608,148.6879,149.6463,150.7845,152.0153,153.2623,154.3454,155.372,156.4308,157.4517,158.4983,159.5188,160.5346,161.4321,162.2383,162.9713,163.6536,164.3267,164.9611,165.4533,165.9863,166.3791,166.7065,167.0877,167.5734,168.0569
Q,Quarterly,AT,Austria,P,Private non-financial sector,A,All sectors,A,Credit-to-GDP ratios (actual data),,,,Q:AT:P:A:A,,,,,,,,,,,,,,,,,,,,,,,,,,,,,,,,,,,,,,,,,,,,,,,,,,,,,30.467507867023,30.839194122834,31.659409956034,31.831428348279,32.000200586479,32.529761863876,32.848699835498,32.862856544248,33.010420460261,33.659969547386,34.126082470243,33.937913119332,34.15606151853,34.147522724944,34.873384082878,35.357521145521,36.344913788847,37.215861090776,38.144151628721,38.24917850273,39.522999375195,40.035667799113,40.91345392306,41.357892387858,42.092489485431,42.693401643445,43.071884772182,43.092993558685,43.156181910788,42.91429778503,43.555596987269,43.528611258331,44.572655878832,44.97168980807,46.376013967599,46.789396953627,47.569596337436,47.800625571128,48.532105841974,48.431428540953,49.515802166089,49.407601578189,51.044824231969,51.175683202751,53.164260570643,53.265988556237,54.3880990519,54.931570116069,56.30331831172,55.07883842995,55.056305647987,54.55323001967,55.100151136476,54.417548380642,54.239702479868,54.100821566959,55.401950986321,55.5883769285,57.27535681172,57.68024024792,59.096230483407,59.216968556181,60.534364465948,61.646361727163,65.09367466695,64.115444903158,65.805304369872,66.235799175442,67.589271185029,67.789333137627,69.412711961743,71.050218862906,73.648119317643,73.518664755012,75.196273005592,76.057456799013,78.589729224,78.54050204009,80.237830757659,81.529465694147,82.56925301567,83.263352759349,84.678538790699,84.955701185136,86.328332791155,85.724273795733,85.763599077382,85.316893186083,85.416155623247,83.36238978665,83.425276431787,83.073386717794,83.519487481968,81.221606583044,82.35277762916,83.135442771078,86.125644292776,84.97904547718,85.83096014781,86.088880200359,87.432266030465,85.256887259129,85.926663699581,86.340990385665,89.09782571931,87.428309162736,88.421437870092,89.268795659552,91.691912231368,90.876500743093,93.081258715363,93.585368438543,95.934860719982,93.448692428245,95.205635545695,97.202084499429,99.146424863848,98.474126475103,100.51822305642,101.09319322599,102.86504076906,101.88365946807,103.68625575656,103.14768061568,104.71046444657,103.11419821518,104.4798991084,105.34168802059,106.68962540085,105.93572447669,106.72873271735,106.35214686153,107.13348397597,105.28939238306,106.3148526861,105.82068896472,106.72085790708,104.56264407565,105.14314102222,105.39484361492,107.89997093318,104.81489869109,108.25770562094,110.58107750425,111.83804395504,111.7226091172,115.99539473631,118.71498122381,119.45649940938,117.05269093175,118.79429915735,119.29146983862,120.66154757311,119.13541843541,119.81912679508,123.01568008554,125.87357420167,129.337609737,130.88775834873,132.93454977086,132.90005687059,132.44925640676,132.89646903381,134.23917412008,134.62119662962,134.34238468675,135.04119199055,135.22652938967,134.38183604633,135.30602681159,135.66106392596,135.44894017054,136.96694343537,137.43723593746,138.79988893311,139.10339225883,135.01363853917,136.56643392074,137.17162542324,137.71807226016,139.3036358182,135.23241185693,136.87998775264,138.1446597347,136.62551577891,135.26051753929,137.90557030224,138.75768099013,140.82955513082,141.25039861689,140.70939732445,140.74208776908,143.23982579524,143.51246814487,144.20458498035,145.83372434059,145.73543076524,146.36401548235,147.89084557815,147.80446940809,148.15963245966,145.58826000692,145.87841046776,145.30442253149,145.76890249382,145.53630154926,146.45640438903,146.08135219052,144.06712246968,144.72512431662,144.29758932341,143.99063829228,148.60232055348,147.92661649808,148.20641106145,148.22531388474,144.61901687323,146.39559558262,144.4400223526,144.41485678053,144.09971914303,142.90113993439,142.49634818874,143.45950110703,143.74683666059,144.1580958546,143.0274027118,142.77427038661,142.65660749936,143.28975463046,142.67026029417,142.86293451375,142.80955055843,143.57250378004,144.54345606823,142.66834998655,142.43456636508,144.1740702653,150.11596428874,152.08109570357,153.28696336908,157.83683252243,153.77720973515,153.60895371119,153.37854887492,150.35584197992,148.14979428197,146.25945022847,143.82477752855,140.42128837671,137.92256753653,136.77280734437,134.77397882705,134.63934894554,133.16566063321,132.51332809874,131.06334205715,129.67625181235,128.43450348454,127.54425154403,125.16219092088,126.52746872211
Q,Quarterly,BR,Brazil,P,Private non-financial sector,A,All sectors,B,Credit-to-GDP trend (HP filter),,,,Q:BR:P:A:B,,,,,,,,,,,,,,,,,,,,,,,,,,,,,,,,,,,,,,,,,,,,,,,,,,,,,,,,,,,,,,,,,,,,,,,,,,,,,,,,,,,,,,,,,,,,,,,,,,,,,,,,,,,,,,,,,,,,,,,,,,,,,,,,,,,,,,,,,,,,,,,,,,,,,,,,,,,,,,,,,,,,,,,,,,,,,,,,,,,,,,,,,,,,,,,,,,,,,,,,,,,,,,,,,,,,,,,,,,,,,,,,,,,,,,,,,,47.6316,47.6172,47.6788,47.8724,47.8859,47.7891,47.7275,47.7135,47.8274,48.0887,48.4928,49.0496,49.4989,49.9748,50.5217,51.1311,51.5726,51.9494,52.4391,53.0013,53.5262,54.0522,54.5964,55.2605,55.9034,56.6311,57.3486,58.151,58.9096,59.7958,60.6222,61.5139,62.3084,63.0787,63.911,64.8623,65.9455,66.9533,68.1955,69.3937,70.3594,71.0973,71.7495,72.344,72.8147,73.2513,73.583,73.9608,74.209,74.5573,74.9151,75.3174,75.6971,76.086,76.521,76.9722,77.6591,78.4752,79.3912,80.2351,81.0679,81.6063,82.1885,82.8111,83.2577,83.7903,84.3692,84.9418,85.4133,85.7846,86.2304,86.6624,87.1191,87.6778,88.2401,88.986,89.5947,90.1294,90.6376,91.2526,91.8091
Q,Quarterly,PL,Poland,P,Private non-financial sector,A,All sectors,B,Credit-to-GDP trend (HP filter),,,,Q:PL:P:A:B,,,,,,,,,,,,,,,,,,,,,,,,,,,,,,,,,,,,,,,,,,,,,,,,,,,,,,,,,,,,,,,,,,,,,,,,,,,,,,,,,,,,,,,,,,,,,,,,,,,,,,,,,,,,,,,,,,,,,,,,,,,,,,,,,,,,,,,,,,,,,,,,,,,,,,,,,,,,,,,,,,,,,,,,,,,,,,,,,,,,,,,,,,,,,,,,,,,,,,,,,,,,,,,,,,,,,,,,,,39.4336,40.4774,41.6452,42.7705,43.8733,44.8149,45.6865,46.3994,47.0853,47.6365,48.0581,48.1862,48.2371,48.314,48.383,48.4998,48.6611,48.9443,49.3719,49.8716,50.4143,51.0479,51.8221,52.637,53.525,54.4577,55.5268,56.9541,58.5632,60.0018,61.3117,62.439,63.5239,64.7138,65.8084,66.8914,67.8699,68.8581,69.9834,71.0801,72.0707,73.0388,73.9328,74.8238,75.7166,76.6651,77.598,78.4454,79.2658,80.1075,80.9329,81.7403,82.5494,83.3577,84.1391,84.839,85.5019,86.1816,86.7912,87.4832,88.0493,88.525,88.9157,89.1977,89.4847,89.7445,89.942,90.0547,90.1107,90.0946,90.0794,89.9634,89.9468,89.9232,89.8461,89.7553,89.622,89.3482,89.0554,88.6742,88.1904,87.6002,86.9867,86.148,85.2177,84.194,83.1843,82.1102,81.0364,79.9768,78.8957,77.8355,76.7503,75.6909,74.6707,73.6543,72.6822
Q,Quarterly,BE,Belgium,P,Private non-financial sector,A,All sectors,A,Credit-to-GDP ratios (actual data),,,,Q:BE:P:A:A,,,,,,,,,,,,,,,,,,,,,,,,,,,,,,,,,,,,,,,,,,,,,,,,,,,,,,,,,,,,,,,,,,,,,,,,,,,,,,,,,,,,,,,,,,,,,77.740572550066,77.290071284585,78.126273102534,77.657013443165,78.671014209444,77.739895420125,78.58244180695,78.608419791367,80.554683235099,80.702916310305,81.522549831496,81.963571229929,82.284727125428,81.683403091257,80.774434010202,79.831904892668,79.277092506317,78.523347894003,79.444961639003,79.80727086838,82.493431422659,82.771477601504,83.165806813451,83.128589468867,84.181435544005,84.01462935439,85.805485715557,86.501635345948,89.103818398557,88.477697787318,91.150638405927,91.979147377851,93.667835800376,93.951146498419,96.840109217667,98.55845716033,99.536886049286,88.836264055135,89.158772038414,87.773052854507,88.38689584718,88.424388364598,88.403419425736,87.819353342193,91.177259985888,90.24401991499,88.902461389398,86.399692359794,89.696711050684,88.525732626996,87.479574493356,86.87955441645,87.642826636721,85.645791985194,84.882965947243,83.295232823122,84.056619644088,82.633433129104,82.618908630263,80.783127576828,80.907671853502,80.244089493965,80.626586477794,79.324900190833,79.919068444335,80.497110496197,82.862316729611,81.179325356143,81.908909443199,82.659166076195,84.20928692215,85.151863633003,86.04922349857,86.193619982616,88.972799020779,89.528726465823,91.945410252744,90.303726207224,92.124968095293,92.502541225941,93.149102151835,94.554866008509,95.822162846613,95.686515706032,96.414112191184,95.67693553295,97.110672157724,96.6829239103,106.48591625573,107.76565374631,109.07957774736,109.28174082657,110.17774280767,109.90257713212,110.73923224592,111.08255779282,110.78494892497,109.81759470403,109.12171034053,107.07818165448,106.3703738895,106.8263178553,108.63271408726,109.57227083255,110.44627065571,113.08335843897,115.21419306937,116.57328395129,117.55726212734,117.2795510409,120.56133863041,122.05479096563,123.74518536351,128.73648614029,131.03065671174,134.32593803029,136.27160473447,138.74405320528,140.91165560211,143.35139361677,146.20227243473,147.08991231462,149.22840688039,149.97396852662,152.16637978323,151.08405509816,150.68541680651,149.91867574541,149.18556523712,148.10635090714,150.99896478464,152.99755981324,155.66231983528,156.39538967242,156.72210936471,157.38312009976,158.52556608573,157.84261768343,157.80235356166,157.2042126425,156.85897580627,157.00658649069,158.20572994598,159.03078215942,159.07316908144,161.96383337171,164.64332934396,167.72192337023,170.08701472557,174.55378775642,179.40081652257,184.25847565928,192.09339747089,195.79659503593,199.16827869727,201.62276025278,200.69449437071,198.02253286756,197.08763531738,192.30017485049,189.39828159111,190.71614866333,194.04336450006,195.23264236562,198.1969446542,202.13891414214,205.66504451162,205.40667229511,203.20079394744,206.54038553039,210.33780825355,205.87819996534,204.153404829,198.54119648055,198.92044103475,200.59096749182,204.42984210708,213.63496921223,205.09412905647,211.63722419636,207.77353695691,224.70520364049,229.56282402629,228.4910784466,228.71469681446,223.5405570069,220.58813429333,216.03056905542,216.57123139689,212.92528591403,213.42165258625,209.83569387638,211.07309811705,211.01436787799,211.01139367151,215.54647883762,211.59989487823,209.46293048271,213.78723877041,212.96704569338,220.97914613661,220.91244725738,213.16738229274,212.28255171702,206.98275061407,201.53662024492,196.37691627939,195.22639682917,191.63720138585,185.83967171305,180.50974308499,177.79006916001,180.61149722447,180.95832495127,180.93888974461,178.87907148324,178.52334594259,177.1610911621,177.29210935383,175.88642115025,174.57754102318,173.38024121404
Q,Quarterly,NZ,New Zealand,P,Private non-financial sector,A,All sectors,A,Credit-to-GDP ratios (actual data),,,,Q:NZ:P:A:A,,,,,,,,,,,,,,,,,,,,,,,,,,,,,,,,,,,,,,,,,,,,,,,,,,,,,27.893736395807,32.851556567899,30.898737305433,30.239831691219,29.073403220425,30.405915113185,26.31314240892,26.218622604701,27.003541775222,27.69100657007,26.494479164823,27.347441336316,26.343453035257,29.378556273423,27.28748536066,26.78596960824,26.060452363272,29.6093194363,28.716911454176,28.605519886353,27.596877483896,31.595751800163,29.920073027945,29.548580839662,28.71133998866,31.206907205246,29.608162703572,28.79681257879,27.030289410757,29.795144932995,31.079212661606,29.947060501593,28.786076497248,31.61431333299,29.522844601078,29.418983282288,30.235022317727,32.92328289019,31.756800766811,32.000421147272,31.029918372691,34.174402149046,32.119288854856,30.580473573757,29.43833468453,31.467998336893,28.601407505681,29.324653578808,29.881754361567,32.818452400376,34.133470258549,35.304669359946,35.14129646823,39.316424646235,39.475945561154,39.222275336818,38.407722228449,40.364175722725,39.157758593296,39.754805542452,39.568040340479,40.014257833964,37.609222395877,38.922424604971,39.359811481156,42.167205026233,41.032789178117,41.40638515675,40.538737883446,43.199352248465,44.308807741369,44.831453021925,45.745971895127,45.864836321908,47.613706824015,48.009791782413,48.263134230546,49.168625680217,47.649370351542,48.318122662083,50.237455669067,52.021538995979,54.420454811548,55.731623784786,57.642268095792,56.803365716476,60.106172011185,57.796716440489,58.961208010056,58.571317262967,59.801067486183,61.201788949246,71.474686434057,66.857114067073,70.638727585413,80.329975970941,80.137784722375,81.895436041039,84.78467511601,86.282106829447,90.603102044373,97.370252582077,97.197134681766,100.60494039513,99.476268635367,101.04552096697,100.68427351029,100.30650433895,100.14931567549,103.40299044927,98.338306226549,93.161960647364,96.983472390006,95.457412742384,91.781548266317,92.719666059537,94.989727963466,95.721533394573,95.355547370406,97.466981884544,98.881149967505,101.6417011562,106.07839275557,106.00286498167,105.04495251724,106.33530963342,104.9217911946,108.71547793699,108.64608041833,105.99053379842,107.44392761626,108.6875318051,112.28320428129,114.25393699142,111.97686544893,112.75457937325,112.85779779906,113.66702299545,116.26789388528,116.37432564526,123.98694423657,121.59030440034,124.29609583748,119.44933428686,122.30666255859,122.88402300812,124.96573786218,127.87915230548,134.46213887409,131.92702744619,135.07335096602,137.24081575052,138.50467606246,137.63853241058,136.50291589126,137.91113461792,141.43467339361,144.20598800961,145.02639228918,145.69525566984,147.23830191869,149.86929950985,150.93080135154,143.8278456211,144.5010963092,146.77795032214,146.4458434982,147.12186204445,148.50889355145,149.55036900314,149.96777547808,149.80336612658,150.28672111334,151.33215374287,155.80594664191,154.39218728199,159.73434029843,162.88614491741,165.10220585422,167.81136941153,172.91409976554,174.96456274931,179.66358518329,182.67642409888,184.12797415069,188.09148022967,190.569364386,190.1873142679,190.89289809022,191.608817965,194.04758393241,196.65116532081,198.97361526788,201.11866970882,200.22031861596,198.10994962941,195.0528108347,193.37494748412,190.85890004206,188.29326798761,186.39422251699,185.17452108972,183.51838115062,180.83279905016,177.74198199392,177.60166124955,176.72347251787,177.16878550577,178.69059555621,178.93356312765,179.34594531689,178.22654502014,175.26421012021,173.76255994431,172.78642881861,172.66458714831,173.51045173124,174.23528256196,174.44323991113,174.96515555591,174.87462172796,175.61737374212,175.80316002581,177.01888134805,176.51463701727,175.66746469639,175.19382315709,174.320969811,173.68500852027,172.80674227258,172.67725683693,172.23027670732,172.75190875818,171.94962493466,172.34129682049,172.00038949198,170.77992408847,172.15991530401,174.70888714117,173.62289319247,174.56815031629,175.12862431723,170.5190042445,171.39213031973,171.15051771395,170.63359060655,169.91018494186,167.13155689163,165.77195974788,162.16042125365,161.53749847248,159.45942510932,159.34463794528,158.90716816343,158.89287978368,159.52520822356,160.04375918386,160.34384080478,161.01805475428,162.06539858449,161.60117729465,160.48825302608
Q,Quarterly,CL,Chile,P,Private non-financial sector,A,All sectors,A,Credit-to-GDP ratios (actual data),,,,Q:CL:P:A:A,,,,,,,,,,,,,,,,,,,,,,,,,,,,,,,,,,,,,,,,,,,,,,,,,,,,,,,,,,,,,,,,,,,,,,,,,,,,,,,,,,,,,,,,,,,,,,,,,,,,,,,,,,,,,,,,,,,,,,,,,,,,,,,,,,,,,,,,,,,,,,77.667966610785,75.110398587309,71.339013753641,72.276501627016,71.609346833673,70.242284414028,76.585279155526,84.260967618461,86.146224979854,77.514493740609,76.897418266225,72.223176476243,69.392372235268,64.142940325394,60.661688655466,59.734184802682,58.492721774543,57.72650835427,55.923410831055,56.082010472596,53.867563482567,53.172660478237,53.393629330977,54.060489255199,56.101391386242,54.467715809915,58.168661857116,62.12169508028,62.354059417455,59.993706262491,58.57415721598,63.486605288038,60.481143449636,58.105573955064,57.605896224319,58.089851506984,56.144016115701,57.104836924852,58.53549685544,61.333874183433,62.568509408958,63.907913203017,65.617576131085,68.851934809695,67.835559550452,66.64936598851,67.14517643642,67.710241994192,68.444175977474,66.173130860392,68.413757281556,72.59318233292,73.863750340839,74.179856217171,76.957411439495,80.740099737409,82.07350091715,82.121565430228,84.204925628443,88.360668616562,90.936693338745,93.817638134748,94.072428033264,95.656172490395,99.232614617628,104.52291409469,106.65988271594,105.37198625023,103.33538536429,105.45977940044,106.48212623827,109.39394777933,111.64690732487,113.03134804005,117.61784330889,112.34695633864,111.70517124772,113.89855697711,117.04029531908,113.06816561194,112.14664487088,107.77436895619,104.81205026121,100.76469737156,101.1771559809,100.0626358786,98.387593553502,93.622926363854,93.983201792871,93.824393322463,91.666975225439,90.426701407037,89.615779946083,88.492662504636,87.872751757298,87.630170586743,87.995031737282,87.778606183783,90.45735997903,92.226368673163,90.915122871307,97.11138398081,104.16951885705,111.57428014934,112.50522174157,109.83872846941,111.41491891314,110.23150845795,110.08918913295,110.54032423085,105.03338280492,102.80672145942,102.69987326474,102.73132852504,106.59517680173,109.22491826304,108.71090573225,111.82616494603,111.68049785022,115.84792638757,115.63373563665,118.74124976166,120.46773985651,124.50439502655,127.30360610718,128.3170443007,133.03741479481,136.31843840964,136.35700436965,136.69256152832,145.58899255638,145.51774708932,143.53010899599,142.6261479091,142.46282273097,142.83294215158,142.61998514998,142.35774609108,139.84502553371,137.58252461828,136.57599029553,137.85803091447,139.94551097055,143.44148606285,143.48469197808,146.72095749556,151.96522721434,154.18728015101,160.23375915612,168.24729906191,167.44795330073,158.09585707895,156.06205833685,148.53609061803,148.18115447373,146.75908790475,141.39213020106,148.90606601329,150.80724079376,144.67339602427,137.58421231716,137.0268141776,141.60808183239,141.65798127222,145.88459580407,142.17419092569,137.89605533262,139.3656359494,136.62934052488,134.27233403467,134.25485150554,130.5243168853,130.32777714043
Q,Quarterly,GB,United Kingdom,P,Private non-financial sector,A,All sectors,C,Credit-to-GDP gaps (actual-trend),,,,Q:GB:P:A:C,,,,,,,,,,,,,,,,,,,,,,,,,,,,,,,,,,,,,,,,,,,,,,,,,,,,,,,,,,,,,,,,,,,,,,,,,,,,,,,,,,,,,,,,,,,,,,,,,,,,,,2.7358,4.2862,3.4825,1.2145,1.9623,1.5597,0.6062,-2.1158,-3.702,-3.6995,-6.1054,-4.4427,-4.3604,-4.5224,-4.0413,-2.9706,-4.6455,-4.209,-4.4724,-4.0232,-3.8849,-3.1658,-3.6859,-3.5131,-2.6047,-1.9032,-2.1729,-2.5524,-1.2109,-0.8175,-1.0413,-1.0225,-1.0291,-0.965,0.5887,3.007,3.2787,5.0676,5.6149,6.7751,7.2317,7.7718,7.6145,7.7676,9.3361,10.4498,10.724,12.423,12.9907,11.2481,11.879,10.3841,12.1515,12.5353,12.1844,13.8847,14.6083,14.214,14.3904,13.1174,14.3039,16.5448,17.8242,17.5341,18.8328,19.7791,20.2961,19.4734,23.0978,22.6433,20.4981,19.5357,18.3879,18.3335,15.8141,12.7189,10.4511,8.195,6.3483,8.3844,4.6619,2.9267,2.1323,2.5694,-0.4936,-3.6873,-4.4455,-3.7882,-5.3368,-5.3594,-6.4399,-4.9327,-8.1244,-7.9655,-8.6259,-9.6135,-10.3048,-8.7592,-7.1631,-7.6107,-6.5158,-5.3397,-2.0886,-1.5613,0.7496,2.6212,2.6897,3.7445,4.186,6.3192,6.8859,6.5874,8.8965,8.5065,8.4874,9.6558,10.2723,11.3015,14.9673,13.4556,9.7288,10.5247,9.4672,7.6376,5.9699,5.0699,6.2317,5.8741,5.2596,7.4822,7.8022,7.6311,6.974,7.6993,9.3763,7.8442,4.9721,4.2149,6.0099,5.826,7.1911,5.2187,4.4783,8.7959,6.8106,2.0714,4.2272,2.763,2.6234,-2.2993,-3.7718,-9.0795,-11.0266,-12.0753,-13.4803,-15.5812,-13.8021,-13.2713,-13.5177,-15.9888,-18.106,-16.8622,-19.1013,-21.1571,-23.5751,-25.2598,-25.997,-26.7537,-25.5726,-27.985,-26.6438,-25.4085,-23.8873,-19.8918,-17.2947,-17.4454,-16.4893,-17.4422,-16.1855,-14.9576,-16.7068,-16.9211,-17.7772,-17.7605,-19.301,-17.2687,-15.1569,-16.0838,-11.9862,-3.0591,0.1905,3.4389,4.1506,-0.7409,-3.345,-6.9197,-11.9283,-14.5336,-15.6037,-17.6478,-20.4384,-22.8179,-22.2788,-21.8043,-19.8783,-18.9361,-18.3071,-18.6983,-22.2255,-22.4015,-20.1253,-18.8627,-20.1244
Q,Quarterly,GB,United Kingdom,P,Private non-financial sector,A,All sectors,B,Credit-to-GDP trend (HP filter),,,,Q:GB:P:A:B,,,,,,,,,,,,,,,,,,,,,,,,,,,,,,,,,,,,,,,,,,,,,,,,,,,,,,,,,,,,,,,,,,,,,,,,,,,,,,,,,,,,,,,,,,,,,,,,,,,,,,61.4747,62.005,62.461,62.6989,63.0106,63.2871,63.4777,63.4225,63.2235,63.0197,62.6048,62.322,62.0402,61.7395,61.4717,61.2832,60.9606,60.6656,60.3454,60.053,59.7657,59.5259,59.2446,58.9709,58.7566,58.5878,58.3979,58.1794,58.0482,57.9418,57.8195,57.697,57.5727,57.4512,57.4285,57.5613,57.7154,57.9871,58.3001,58.6933,59.1245,59.5992,60.0752,60.5715,61.1745,61.8588,62.5748,63.409,64.2955,65.0968,65.9526,66.7369,67.642,68.5881,69.5325,70.5958,71.7231,72.8495,74.0083,75.1146,76.3109,77.6606,79.1109,80.5723,82.137,83.7866,85.4976,87.1929,89.13,91.0774,92.9364,94.7722,96.5727,98.3995,100.1097,101.6658,103.1109,104.4421,105.6794,107.0451,108.2086,109.2792,110.3085,111.3666,112.2514,112.9506,113.5998,114.2798,114.8641,115.4383,115.9412,116.521,116.9079,117.2908,117.6225,117.883,118.0878,118.3652,118.7209,119.0389,119.408,119.8345,120.4405,121.0737,121.8381,122.7121,123.5943,124.542,125.5213,126.631,127.7837,128.9304,130.2215,131.5045,132.8002,134.1773,135.6059,137.1108,138.8462,140.5185,141.997,143.5373,145.0336,146.4394,147.761,149.0403,150.3951,151.7393,153.0574,154.5128,155.9989,157.4877,158.951,160.4675,162.0936,163.6463,165.0456,166.4091,167.8833,169.3567,170.9185,172.3779,173.8029,175.485,177.0666,178.385,179.8315,181.2002,182.5653,183.6499,184.6455,185.3279,185.8828,186.3592,186.7346,186.9666,187.2762,187.594,187.8761,187.9931,187.9617,187.9728,187.827,187.5311,187.061,186.4551,185.7654,184.9897,184.2389,183.3069,182.4069,181.5351,180.71,180.0772,179.5623,179.0106,178.4857,177.879,177.3166,176.7989,176.1557,175.4729,174.7131,173.9253,173.0195,172.1999,171.4745,170.6707,170.0778,169.9819,170.0689,170.3442,170.6663,170.7121,170.6061,170.2879,169.6686,168.8793,168.0044,166.9859,165.7772,164.3977,163.0122,161.618,160.2997,159.0036,157.7131,156.3702,154.7928,153.1691,151.6406,150.1525,148.5607
Q,Quarterly,FR,France,P,Private non-financial sector,A,All sectors,A,Credit-to-GDP ratios (actual data),,,,Q:FR:P:A:A,,,,,,,,,,,,,,,,,,,,,,,,,,,,,,,,,,,,,,,,,,,,,,,,,,,,,,,,,,,,,,,,,,,,,,,,,,,,,,,,,,,,,,,,,95.723012231973,94.336983843826,93.905130363041,93.555456539949,98.839573491073,98.414021378849,99.418610401137,99.61499935771,102.89379460832,103.2414305068,105.97317856652,106.37183550213,109.60724375578,108.11845967105,109.80756075937,109.49748576945,110.6998813328,108.23200397323,107.2129480901,106.21438536236,108.63203858191,106.97506867867,106.18017596154,105.80874953386,109.45398348453,108.05641621646,107.20630115956,106.37488050641,107.63770288623,105.8716774768,105.64327900711,105.77800761225,107.76519364208,109.75860288245,107.51707190195,104.33166581173,105.00584280762,102.73071625878,102.52715798326,101.00733619891,103.03775741223,100.49054599585,102.25303564227,101.80060773787,103.65270254495,103.18826332232,102.57262984611,102.28239187996,103.38500083316,101.77738362319,101.79998829254,101.46757569627,104.81145337652,104.43815530365,105.2148058961,104.43176834215,107.3171183751,106.0140031126,107.14188860604,107.36814628738,108.93133499574,106.78509049793,107.02136559554,106.66124618134,108.79079292826,107.38363626943,107.07763667842,105.65154366975,105.68143760393,108.04093510446,108.84396098978,108.73711601373,109.82084318942,110.40069373667,111.30398731044,112.11891061566,115.53657873166,114.61152502688,117.26854126505,117.52068113865,120.59742947053,121.58248916605,122.36039814192,122.63959102428,127.85978194222,128.62075334743,129.7059082651,130.15274165539,132.20899547123,133.30077299732,133.87749920464,133.30478661782,136.75240642021,139.79530762054,142.01920207751,142.62027962188,141.26543433133,139.95647898186,137.73534227271,135.5406596392,136.31852500003,134.45130703688,135.46039636124,134.75100078671,133.90690166918,133.06528484882,132.82049575562,131.87071389509,131.44786132802,132.13880125177,132.34975186202,131.71704403956,131.4102429946,131.18862412446,130.75201178523,130.12571129081,129.45185088396,129.96852749974,132.48921952351,133.56750068539,135.28593583893,135.32317989452,136.80041734172,138.82524827627,139.611616138,141.19033936018,143.22024175455,144.0551956973,145.02739934471,145.59188026569,145.40727022199,144.98275108264,145.32366271275,146.14019175301,146.48337108609,145.94850537588,144.6417745927,144.95233556929,146.53035745166,147.27186088145,147.57829422929,147.60268479634,149.78325459062,149.94997757022,151.29086567408,152.01563310303,153.6504274476,154.20979161964,155.40467425438,156.09330230661,158.42577408578,159.41312555301,159.4509314951,160.16735091788,163.02828795663,165.39254052548,166.54303744774,169.06815535901,171.14898928538,172.69313810736,173.72914738199,173.29397908797,172.69935039223,172.36526814567,173.98120254183,174.41379265837,177.10388269341,179.44068312257,180.58403312212,182.63637537061,184.71757563609,184.68524579623,185.13761784252,184.88075451554,183.08660007472,183.40371431802,182.78934755619,184.66056476596,186.99165070395,188.26987352124,189.32442446147,191.82977518217,192.18956163608,192.86411681915,194.68555303552,193.61588913381,196.01239178133,197.25892627609,198.99377796587,201.08695215276,201.39414988995,201.17983115247,201.49663279413,202.7234086372,204.7245181789,205.63327860909,206.25031026885,207.85509959034,209.68254285372,211.77235426034,212.01119451705,216.06616537624,231.05019458642,235.67076197701,239.74431450395,238.07233836332,231.31581142958,229.08722789883,227.80363552159,226.17347774042,225.26811448164,225.97692545597,224.90139706653,223.37206605652,220.49713180589,218.02548064858,216.25346983495,213.67756657431,213.58333434038,212.72459045572,213.03583169919,213.88017277886,214.07012687754,214.15954425518,214.64351665287,214.32920535435
Q,Quarterly,IN,India,P,Private non-financial sector,A,All sectors,A,Credit-to-GDP ratios (actual data),,,,Q:IN:P:A:A,,,,,,,,,,,,,,,25.177798488718,23.382729417527,22.983615110376,23.13026987745,23.296640119947,22.968887947891,22.808362206096,23.055421642726,22.668072985431,21.287067914676,21.430588293072,22.321560934367,22.751478383805,23.123781060886,24.362572219878,25.725701343312,26.605115100902,26.374137174407,26.729633463358,27.083942358137,26.052526759837,24.218354057074,24.024366637199,24.969977977354,25.768126449793,25.280881400028,25.670180918855,26.557543668911,25.960211577251,25.055034492251,25.274037969928,26.28505507183,26.815963023044,26.480294205633,26.917201573725,27.733790635529,27.596088861558,26.292624758006,25.625938721796,26.035413317441,25.568910188316,24.8170915088,25.143722540769,26.313003016817,26.588727338529,25.840619865147,25.797447873992,25.911537854975,25.756304039422,24.848244298699,24.807273181581,24.581734239454,24.224082661057,23.32482817225,23.291522994113,23.64072380383,24.210881057065,23.889758077181,24.484381100988,24.859089560854,25.033542222407,23.970177229724,24.055268969599,23.946622257784,23.216357879789,22.206016400545,22.452927998676,22.805368067177,23.242680521586,22.891029183019,23.230406553745,24.079756852696,24.618902010384,23.562643630607,23.946949334074,24.555939402358,25.550018146812,25.517896634903,26.467436031667,27.626334855876,27.106061790256,27.019547089296,28.239778678037,28.663891685061,29.221922184927,28.131705214685,29.115461657225,30.381196581514,29.753703191968,28.322409203076,29.913267107765,29.844072877324,29.795525791951,28.448425838038,28.925289341914,30.516293573915,30.689041059968,30.959464691714,32.937562936186,35.29656119061,35.730002010272,36.548179150911,39.391414052933,39.161285890945,38.239336170345,37.943905458174,39.355876874445,39.127557914589,40.022658072404,40.030256287714,43.654814054856,43.506926003714,44.667893367928,45.427839037798,47.074069094599,47.131502911951,45.589085730774,44.13190175851,46.10347314322,46.88630373205,46.260475128236,45.607138687821,47.684263078314,47.872913214171,47.342162022328,47.221647505099,51.087407705974,50.55599924575,49.427302309359,48.786458579282,51.076351139976,51.574315631364,51.820283973042,51.035741321536,53.854210667133,54.147141043614,52.731594204119,52.657129090461,53.851773897163,56.388698252887,54.762696072887,53.917743128755,55.009767439686,57.777211104593,55.237903161388,54.737270866671,55.181900235893,57.965123959139,55.349488474301,54.709747981781,57.776003413676,57.921137034985,57.807941430898,56.841277222139,58.367208620877,59.308489887761,58.191963738893,56.567137720868,57.300751076667,57.324745716222,55.483640928309,53.680270935491,53.642788084825,54.499340067676,55.220862843995,55.225011983434,56.252086941915,57.488603168699,55.871926202596,53.307215976935,53.37852601183,53.171811950687,51.135633967192,52.156287065662,52.376052103318,55.503549901307,53.597533528498,54.446953219706,54.400431339445,56.715457207642,54.520572579412,53.509243438812,53.124411400656,55.030602542336,53.017192697902,52.40281042906,53.895868936093,57.15627395579,55.609446462359,55.269490645031,54.56477630376,57.759970777798,55.173210779075,55.638491826949,58.419415720324,59.372203118206,60.57379753822,60.403013454508,62.461795446474,63.428285479383,62.900519096306,63.039460455766,64.132805492553,65.970769361969,69.507587361562,69.278210057622,70.559612725191,72.307204926403,71.189871337224,69.706861436347,70.76827994793,73.615587716407,73.269882581405,73.80863642702,78.235658485163,80.634850645614,81.522017516632,86.322034471945,87.512372681489,95.03187795671,93.576333192032,97.022006965731,97.179822766368,103.13291356709,98.496398609081,100.94409395847,102.05381178015,108.80992135047,106.25668132305,108.4682183923,109.15392075623,113.16457206008,109.8028693538,111.39631514486,109.44851506406,113.06773331838,110.90973229397,110.2318693173,114.81946149254,114.38517114191,112.07385270949,111.18618517473,114.24488114331,114.21682179041,111.33367914525,112.8877302747,114.76304424893,111.51375839894,109.32094016178,106.73070169735,104.74296173286,104.89572592286,103.78219597119,105.04665389981,107.11581527761,105.48833069723,102.86717731073,103.65120340555,103.66848931827,99.316431043878,98.192605039449,92.267719719363,93.860900932288,93.246894226945,98.659991941254,100.96979596822,107.50170335935,102.83768635914,101.27845602562,99.339114427109,99.228063751255,95.738584539121,93.522629840317,92.72056192114,93.741220088409,91.513368447769,97.283373013387,100.48309947703,103.1136371248,100.12676574386,95.642748090632,93.646455376431,96.516729301544,95.350898486256,93.15259163058,93.837770080586,92.564060187597,93.225393756603,91.56203017646,93.426822776961,93.764254989511,94.355098526174,94.514838523632,93.907918468758,95.32421219722,96.002164678424,97.310804994199,97.354078869159,102.20266588809,105.11723123729
Q,Quarterly,MX,Mexico,P,Private non-financial sector,A,All sectors,B,Credit-to-GDP trend (HP filter),,,,Q:MX:P:A:B,,,,,,,,,,,,,,,,,,,,,,,,,,,,,,,,,,,,,,,,,,,,,,,,,,,,,,,,,,,,,,,,,,,,,,,,,,,,,,,,,,,,,,,,,,,,,,,,,,,,,,,,,,,,,,,,,,,,,,,,,,,,,,,,,,,,,,,,,,,,,,,,,,,,,,,,,,,,,,,,,,,,,,,,,,,,,21.8756,21.9478,22.1599,22.467,23.0765,23.7228,24.4882,25.3236,26.2488,27.1765,28.1755,29.2107,30.2873,31.3982,32.5455,33.676,34.8163,35.9722,37.0805,38.0889,38.9601,39.6004,40.0602,40.3723,40.5563,40.6987,40.7488,40.6375,40.4281,40.1981,39.9599,39.712,39.3497,38.9394,38.5025,37.9507,37.3683,36.7688,36.2099,35.6179,35.0132,34.4037,33.7544,33.1338,32.5361,31.9306,31.3954,30.8902,30.4192,29.9553,29.4954,29.0752,28.6849,28.3046,27.9212,27.5393,27.1608,26.8031,26.4523,26.0968,25.782,25.4888,25.2333,24.9912,24.8049,24.6411,24.4953,24.4081,24.3949,24.3873,24.373,24.4033,24.499,24.6341,24.7454,24.8687,24.9772,25.0732,25.1769,25.2658,25.3565,25.4678,25.5748,25.7655,25.9643,26.1151,26.2793,26.4495,26.6359,26.8086,27.0336,27.317,27.6516,27.9794,28.3132,28.6549,29.0341,29.421,29.8326,30.3206,30.821,31.3571,31.9349,32.5357,33.1382,33.6306,34.0769,34.5418,35.0668,35.5207,36.0116,36.4289,36.8421,37.2462,37.6422,38.0195,38.3344,38.8535,39.4193,39.9351,40.3245,40.6979,40.9322,41.1444,41.3313,41.4777,41.607,41.7093,41.769,41.7589,41.7126,41.6704,41.6194,41.5537,41.5399,41.558,41.619,41.6617,41.6693,41.6702,41.6683,41.6537
Q,Quarterly,MX,Mexico,P,Private non-financial sector,A,All sectors,C,Credit-to-GDP gaps (actual-trend),,,,Q:MX:P:A:C,,,,,,,,,,,,,,,,,,,,,,,,,,,,,,,,,,,,,,,,,,,,,,,,,,,,,,,,,,,,,,,,,,,,,,,,,,,,,,,,,,,,,,,,,,,,,,,,,,,,,,,,,,,,,,,,,,,,,,,,,,,,,,,,,,,,,,,,,,,,,,,,,,,,,,,,,,,,,,,,,,,,,,,,,,,,,3.0199,3.0908,4.4347,5.3314,8.3894,8.6526,9.8108,10.4333,11.2841,11.14,11.7991,12.046,12.3572,12.5815,12.8348,12.4139,12.3383,12.3359,11.5009,9.9676,7.9341,4.6256,2.0337,-0.0785,-1.8988,-2.4624,-3.7551,-6.0487,-7.3849,-7.5478,-7.521,-7.5195,-9.1152,-9.6676,-9.8787,-11.4664,-11.701,-11.7178,-10.8135,-11.1026,-11.0572,-10.8837,-11.279,-10.5472,-9.924,-9.8156,-8.4196,-7.7179,-6.9601,-6.6711,-6.4376,-5.61,-4.9669,-4.6694,-4.6035,-4.4606,-4.2862,-3.8212,-3.6031,-3.5871,-2.8003,-2.355,-1.6462,-1.3743,-0.3796,0.016,0.3244,1.3221,2.56,2.5849,2.3978,3.1003,4.1406,4.7072,4.1653,4.2555,3.8829,3.559,3.5927,3.238,3.1774,3.445,3.2749,4.6267,4.6377,3.6781,3.8078,3.8032,3.9765,3.628,4.4309,5.3136,6.0485,5.7609,5.7035,5.6776,6.1682,6.1248,6.3822,7.5197,7.5235,7.9279,8.4252,8.5857,8.374,6.236,5.2657,5.4377,6.3229,4.9174,5.417,3.9948,3.8119,3.5465,3.3073,2.8911,1.7306,5.2116,5.8705,4.842,2.524,2.1754,-0.289,-0.6634,-1.081,-1.7509,-1.9963,-2.4068,-3.0758,-4.1948,-4.7037,-4.4988,-4.5254,-4.6534,-3.6241,-2.971,-2.1479,-2.4033,-2.9402,-2.9763,-2.9385,-3.0766
Q,Quarterly,ZA,South Africa,P,Private non-financial sector,A,All sectors,C,Credit-to-GDP gaps (actual-trend),,,,Q:ZA:P:A:C,,,,,,,,,,,,,,,,,,,,,,,,,,,,,,,,,,,,,,,,,,,,,,,,,,,,,,,,,,,,,,,,,,,,,,,,,,,,,,,,,,,,,,,,,,,,,,,,,,,,,,,,,,,,,,0.8205,-0.0721,-0.1456,-0.8464,-1.0671,-1.8562,-1.8714,-1.2448,-2.06,-1.8803,-2.221,-3.4049,-3.3796,-1.8603,-1.7263,-2.0372,-2.8187,-2.865,-2.1381,-2.8381,-4.1108,-4.906,-4.6476,-3.3543,0.5363,2.0594,2.7354,2.9629,3.9645,4.3178,5.0662,5.1849,4.9444,3.53,4.6422,3.771,5.1368,6.2256,5.831,6.5681,5.7082,5.6483,8.4596,7.2931,4.3924,3.2038,-0.6883,-1.1383,-3.295,-4.4522,-3.9923,-3.2178,-1.586,-2.1113,-0.8444,-0.7185,-0.3036,-0.7711,-0.8165,-0.5385,-1.4967,-1.537,-1.8501,-0.7478,0.437,-0.1305,0.1518,-0.6503,-1.6453,-1.9787,-1.7065,-1.3566,-1.801,-2.7893,-2.4401,-2.5224,-2.3758,-2.5891,-1.3207,-0.6368,-0.383,-0.3093,0.5201,1.3366,2.3743,2.2952,2.8172,3.0546,2.989,3.1612,3.7879,4.3723,6.0123,7.1746,6.7139,7.6904,7.4933,6.751,5.403,4.5899,2.4119,1.5281,2.3533,1.818,1.2427,0.3891,1.781,4.5845,1.5116,0.319,-0.5494,-2.4449,0.9776,0.257,0.7628,1.4114,-0.8312,-2.0681,-0.8002,0.9695,1.4285,2.9302,3.9548,5.1392,7.3713,8.0946,11.0345,11.7994,11.586,12.0899,12.9133,12.2101,13.6834,11.9589,10.5487,8.9973,8.0957,5.1263,3.7743,3.5494,2.3203,1.2167,0.9733,-1.0683,-2.122,-3.0438,-4.2172,-4.4322,-3.5592,-3.9218,-3.0024,-2.4869,-2.0715,-1.9438,-2.3493,-2.4758,-1.9536,-2.2803,-2.2367,-3.3971,-2.5823,-3.0291,-2.8631,-1.4058,-0.8784,-2.8757,-3.2036,-3.8635,-3.4084,-4.6959,-4.3735,-5.1247,-4.6278,-5.0644,-4.8301,-5.6131,-3.5649,-4.6868,-3.7617,-4.9292,-2.6477,-1.9799,-3.3809,-3.9165,-4.0021,-8.7493,-8.7916,-10.1259,-9.628,-9.1866,-8.0424,-7.3869,-6.5832,-7.4118,-6.773,-7.4229,-5.7953,-6.8291,-5.8235,-6.3358,-5.7563,-5.3662,-4.9898,-5.0831,-4.2535
Q,Quarterly,AU,Australia,P,Private non-financial sector,A,All sectors,A,Credit-to-GDP ratios (actual data),,,,Q:AU:P:A:A,,,,,,,,,,,,,,,,,,,,,,,,,,,,,,,,,,,,,,,,,,,,,,,,,,,53.367719108888,53.418609700328,53.737411320401,53.433826905732,54.080163232156,54.779595736652,55.456048295907,55.766201940179,55.466031829311,55.031864491031,54.339115526808,54.406755961962,54.861359467037,54.745603819527,54.697591747989,55.100869568372,54.920033034683,55.211147454575,55.308363367029,56.058684932518,56.963327947835,58.011156426495,59.290759071467,60.198448562691,60.992092641978,61.125552088305,61.030874002371,60.938424513885,61.115651302354,61.698361178829,62.310871955167,63.486711776751,64.326884765399,64.903282142357,64.875435909374,64.531483772169,64.075433848493,63.497942984401,63.313134507954,62.915130390365,62.391602503569,62.322774284568,62.342477728937,62.218093991242,62.308433859672,61.88938148804,61.707015584376,62.101912314965,62.215008028563,62.680755221504,62.624151330961,64.586954668343,66.236219986022,67.054911637629,67.133636657331,68.378342580609,69.932496122578,71.137252240439,72.283081272411,72.296216224118,71.76603598218,71.705783583307,71.611393008616,71.510870170461,71.328419941424,71.022406054934,70.899616885838,70.239348871082,69.718878785469,69.551827579045,69.700159252859,70.281568718581,72.20812361919,72.163996681606,72.775916092127,72.112819156327,73.967742769097,74.357456996139,74.356887745475,75.084413825929,76.991011647172,76.746347222049,77.10083196456,77.493749378212,79.427521008114,79.555686551272,79.844792595131,81.006621710475,82.166287826865,83.135992097604,83.707830521538,85.765261740846,87.610945320061,86.822829714146,87.233526810881,86.511270018807,86.313267125688,86.766116664848,88.128338038038,89.245265901185,91.784292540035,92.938582195034,94.781443197739,95.50527924307,100.19781380664,104.43635776993,106.15607288036,106.40970424708,109.08410244972,109.86667999027,112.15471436999,114.63526924442,118.02853556794,118.6333533118,117.8152469373,119.25795944453,122.3658385834,120.35127529464,119.29208308209,121.13569573023,121.02770145844,120.43299520786,120.81564380265,122.41483586374,121.46008178612,119.39250654058,120.08392681582,119.44142451024,119.23932295167,120.30283911672,117.57326812914,115.7067131767,113.22509294767,113.35471367675,112.04933878125,111.60224829762,112.3181564192,112.74245023087,112.74677428358,113.02854462201,113.3938361194,113.30624319102,113.96429903221,114.41311714618,115.30943457469,114.10480398146,115.7164999503,115.63418284304,117.11479496985,117.98867558163,121.06057174712,121.50031365801,124.31193903472,125.02870034173,126.31942145562,127.52907033428,127.06706366267,128.80879495386,131.59771141213,132.60063864395,134.79794556655,135.51989997302,138.6375449733,140.79327122479,139.4743298001,140.24536992598,138.99604929971,138.68152901343,141.94999366474,144.54684601294,144.83442838203,145.33321427359,147.90659955466,149.07796975951,152.42152633547,152.82753755185,154.92528308516,155.98401614274,158.47195848,159.69717503204,163.73893022373,165.76538657185,168.83577848946,169.64559564023,173.55162621711,176.13327522293,178.21079123018,178.88225371974,181.44687234142,185.08916369275,187.05764831384,188.06711459287,188.15297000434,187.47770957942,187.5155291035,185.1528918691,183.774293363,184.84326346168,185.73396266557,185.28388642512,183.75195529872,180.97560538277,177.39045360257,175.99285704061,174.04735820962,174.07458215998,172.79162522615,172.80813930864,173.81143263599,174.11984669588,174.83211882248,175.09492659575,178.48418025859,178.28398975367,180.60292492556,179.53943658173,181.49532826594,183.55358238156,186.02331185842,190.21306200432,192.83376172453,195.27650655107,196.36032933941,197.98019595846,199.27368209171,199.34169299557,198.1146015248,194.75729407686,194.53463844579,192.92446196534,193.41005289103,194.16538148628,193.51879646381,193.57272829144,193.08287663561,192.42538385948,191.35478312388,190.07028723674,188.77565957132,191.93099122017,192.23758835273,192.71155685519,191.18703918404,190.40464513017,185.74426799829,183.24759183203,180.89595183335,178.08018112181,176.79772406609,173.91886202396,170.14923815404,168.28412929448,168.30730699179,168.32781695484,168.68295465348,169.94623098626,170.41665018948,171.00259703745,173.40608236592,174.35682570719,175.73835422128,175.50235985316,176.08243999172,175.79283325899
Q,Quarterly,TR,Türkiye,P,Private non-financial sector,A,All sectors,A,Credit-to-GDP ratios (actual data),,,,Q:TR:P:A:A,,,,,,,,,,,,,,,,,,,,,,,,,,,,,,,,,,,,,,,,,,,,,,,,,,,,,,,,,,,,,,,,,,,,,,,,,,,,,,,,,,,,,,,,,,,,,,,,,,,,,,,,,,,,,,,,,,,,,,,,,,,,,,,,,,,,,,,,,,,,,,,,,,,,,,,,,,14.785172246896,15.820857080691,15.848008694205,17.678046159787,17.74190325327,17.626602030311,17.709077758143,19.062737710203,18.152730638106,16.484311038212,16.296972599737,17.28301518478,16.559092948245,15.479203707179,14.644023754979,15.405338155074,14.948966137702,15.114743635375,15.300276974618,16.349089975028,16.078031954328,16.207352402649,16.073195168804,17.124936918376,16.572747146803,17.115851885632,16.731259253423,17.481991419576,18.156541807162,18.766504556036,18.369235349725,18.856225715248,21.282702786652,20.923985725067,18.35104200524,18.632218476656,16.81649507556,15.347918779069,15.835026650499,18.805961898508,19.325402071541,19.560702565791,20.551498245244,23.204131967807,23.351747202742,24.617832277205,24.879830706696,27.761572120476,27.662678734269,28.634699597903,25.247465440306,25.722910243743,25.571968274723,25.232969585994,25.553927198352,25.49611594374,24.910686754489,25.254437467263,26.064871165884,25.669879700729,29.241091370127,28.966504323944,31.100345182892,27.424262988218,23.953635827414,23.038140556069,22.638747990204,21.83187077561,22.142051203804,19.076919557494,19.203360900469,19.948263681835,20.675015989965,23.432104878363,23.133387484761,22.043328325894,22.316594127316,23.345586010241,24.015771656296,29.008694258957,31.144839097762,35.610810489865,35.242936578821,35.690069035385,35.042192569587,36.642742687489,38.328415369811,40.387320141371,44.10950182492,45.082314838581,45.978941170645,47.035261469982,46.965117497728,46.560062041091,47.745080433926,48.651173503666,49.669584437304,52.384539111057,52.519070786417,55.466939627509,57.173443472166,60.634907219118,61.530215243724,60.721877277184,60.107476972479,61.328738576767,61.168040186178,62.233137171819,63.186194405885,67.597284035234,69.864072841335,71.135737941573,70.624714095891,71.359440590113,73.185594038953,74.271594902384,76.916893528916,79.292686662028,81.821164583414,79.346562396267,78.285515351537,79.031105068948,80.193166837476,84.449057780241,84.511587841973,84.333973423601,82.837930925051,83.56613599804,83.601822612869,85.884838986396,92.606404208426,81.540094857175,82.290517659952,80.55666152177,77.755787146377,78.11432571789,80.552205205332,88.622436068378,91.762738858263,86.6071929776,86.137324798346,81.119985375032,77.113789300347,85.484830251992,82.022326897903,75.889742186491,68.69062094437,63.835288203352,60.986968457471,64.414548500004,59.431514240626,56.604772648614,53.3747058418,49.62247244089,48.518783104792,46.799079798178,48.016742241977,48.86368316774,48.815016615432,49.14278080603,49.082378561651
Q,Quarterly,CN,China,P,Private non-financial sector,A,All sectors,C,Credit-to-GDP gaps (actual-trend),,,,Q:CN:P:A:C,,,,,,,,,,,,,,,,,,,,,,,,,,,,,,,,,,,,,,,,,,,,,,,,,,,,,,,,,,,,,,,,,,,,,,,,,,,,,,,,,,,,,,,,,,,,,,,,,,,,,,,,,,,,,,,,,,,,,,,,,,,,,,,,,,,,,,,,,,,,,,,,,,,,,,,,,,,,,,,,,,,,,,,,,,,,,,,,,,,,,,,,,,,,,,,,,-5.7443,-6.4822,-4.294,-4.7218,-2.4573,0.1199,0.1906,0.9427,3.1601,2.1104,3.0822,5.5349,6.7886,6.0513,6.5662,7.1177,16.2313,14.5397,10.0771,9.9594,11.2451,1.3737,2.2125,1.2001,1.2501,8.4021,9.5267,10.0816,10.0883,11.5868,15.121,15.4064,12.4722,13.7849,9.0561,5.8193,3.5488,1.4678,-2.1418,-3.4523,-5.4861,-2.826,-2.4606,-4.1713,-6.4128,-5.2127,-5.0584,-6.177,-9.1907,-8.8748,-9.7188,-10.2383,-10.6774,0.8407,8.7953,11.7222,11.936,13.4271,13.9428,12.4458,10.629,9.6959,8.3157,5.8871,5.8533,7.7811,9.0301,10.9226,12.1888,16.2103,17.3342,18.2885,17.1575,19.3854,20.4386,18.866,18.6313,20.5133,20.9644,21.7982,23.9171,25.4573,21.8366,18.4173,15.8846,14.2925,9.9689,6.4677,2.3882,1.0963,-1.9684,-4.891,-7.5952,-5.5235,-6.8167,-7.6129,-8.7489,-0.5144,2.3637,1.8216,-1.7034,-5.0188,-8.5463,-11.2176,-14.6778,-12.2035,-11.0748,-11.2709,-12.1593,-7.0176,-7.4824,-7.6885,-9.3138,-4.9524,-5.6406,-5.9445,-7.5782,-4.4329,-5.2967,-6.3859,-7.6883,-5.1412
Q,Quarterly,SA,Saudi Arabia,P,Private non-financial sector,A,All sectors,B,Credit-to-GDP trend (HP filter),,,,Q:SA:P:A:B,,,,,,,,,,,,,,,,,,,,,,,,,,,,,,,,,,,,,,,,,,,,,,,,,,,,,,,,,,,,,,,,,,,,,,,,,,,,,,,,,,,,,,,,,,,,,,,,,,,,,,,,,,,,,,,,,,,,,,,,,,,,,,,,,,,,,,,,,,,,,,,,,,,,,,,,,,,,,,,,,,,,,,,,,,,,,,,,,,,,,,,,,,,,,,,,,,,,,,,,,,,,,,,,,,,,,,,,,,,,,,34.3265,34.4477,34.5661,34.5883,34.4267,34.4931,34.8178,35.1712,35.4223,35.8694,36.3273,36.7755,37.1049,37.3592,37.5914,37.8622,38.2015,38.7096,39.3929,39.9656,40.4692,40.882,41.1906,41.6396,42.2328,43.1436,44.2363,45.0127,45.617,46.0548,46.421,46.6266,46.7635,46.7759,46.7399,46.4613,46.3057,46.1068,45.8055,45.5056,45.3072,45.2342,45.1975,45.1687,45.2598,45.4134,45.6104,45.7761,46.0643,46.5074,47.0732,47.8285,48.6923,49.6855,50.6136,51.3693,52.0476,52.6798,53.2222,53.6489,54.0589,54.3053,54.4643,54.5261,54.5426,54.6402,54.7745,54.9896,55.5062,56.3331,57.3736,58.6619,59.9978,61.1422,62.0713,62.7402,63.2363,63.5158,63.7466,63.8804,64.0215,64.2953,64.6718,65.0856,65.5686,66.032,66.5974,67.2238,67.9885,68.8539,69.7481,70.6171,71.4706
Q,Quarterly,CN,China,P,Private non-financial sector,A,All sectors,B,Credit-to-GDP trend (HP filter),,,,Q:CN:P:A:B,,,,,,,,,,,,,,,,,,,,,,,,,,,,,,,,,,,,,,,,,,,,,,,,,,,,,,,,,,,,,,,,,,,,,,,,,,,,,,,,,,,,,,,,,,,,,,,,,,,,,,,,,,,,,,,,,,,,,,,,,,,,,,,,,,,,,,,,,,,,,,,,,,,,,,,,,,,,,,,,,,,,,,,,,,,,,,,,,,,,,,,,,,,,,,,,,80.6858,80.3259,80.1765,79.9785,79.9918,80.2447,80.5043,80.8323,81.3587,81.7978,82.3229,83.0585,83.9052,84.7006,85.545,86.4413,88.0558,89.5612,90.7473,91.9374,93.2349,93.828,94.4832,95.0693,95.6603,96.7508,97.9295,99.1585,100.401,101.757,103.363,105.0078,106.4813,108.0567,109.346,110.4405,111.3987,112.2303,112.8372,113.3593,113.7502,114.2979,114.864,115.3218,115.6369,116.0157,116.3962,116.7019,116.8173,116.938,116.9951,117.0068,116.977,117.6142,118.7236,120.0193,121.3455,122.7778,124.2611,125.6781,127.008,128.2999,129.5262,130.6238,131.7286,132.955,134.2665,135.7025,137.2295,139.0097,140.8811,142.8357,144.7538,146.8288,148.9961,151.105,153.2307,155.4956,157.8198,160.2262,162.7906,165.483,168.0069,170.3682,172.6127,174.7908,176.7418,178.5063,180.045,181.5128,182.805,183.9248,184.88,185.9428,186.9218,187.8436,188.6871,189.9932,191.4651,192.9094,194.1527,195.2012,196.0373,196.7048,197.1537,197.722,198.3357,198.9201,199.4347,200.2271,200.9812,201.7112,202.3346,203.1954,204.0082,204.7942,205.476,206.3276,207.1219,207.8446,208.4815,209.2533
Q,Quarterly,SA,Saudi Arabia,P,Private non-financial sector,A,All sectors,C,Credit-to-GDP gaps (actual-trend),,,,Q:SA:P:A:C,,,,,,,,,,,,,,,,,,,,,,,,,,,,,,,,,,,,,,,,,,,,,,,,,,,,,,,,,,,,,,,,,,,,,,,,,,,,,,,,,,,,,,,,,,,,,,,,,,,,,,,,,,,,,,,,,,,,,,,,,,,,,,,,,,,,,,,,,,,,,,,,,,,,,,,,,,,,,,,,,,,,,,,,,,,,,,,,,,,,,,,,,,,,,,,,,,,,,,,,,,,,,,,,,,,,,,,,,,,,,,-0.4587,-0.6153,-0.6335,-1.6004,-3.4855,-1.0147,1.7964,2.0843,0.9029,3.1351,3.2127,3.047,1.5641,0.6178,0.3322,0.8163,1.6822,3.8562,6.1062,4.523,3.5056,2.1983,0.7117,2.672,4.6736,9.1507,11.6195,6.7647,4.0872,1.5225,0.414,-2.0315,-3.0432,-4.897,-5.5476,-9.2234,-7.0896,-7.6199,-9.0848,-8.8581,-7.0264,-4.8367,-4.1351,-3.9107,-1.853,-0.7792,-0.0437,-0.5621,1.4898,4.0375,5.9909,9.0189,10.615,12.5276,11.1083,7.901,6.3853,5.4351,3.7646,1.6918,1.3638,-1.4677,-2.925,-4.5103,-5.1651,-3.6333,-2.9039,-1.4388,3.7855,9.0185,12.4457,16.3717,16.7393,12.9756,8.9056,4.1712,1.0767,-2.6917,-3.4556,-5.0341,-4.768,-2.3425,-0.5054,0.1535,1.344,0.9677,2.7029,3.6798,5.9661,7.5366,7.822,7.1675,6.697
Q,Quarterly,LU,Luxembourg,P,Private non-financial sector,A,All sectors,A,Credit-to-GDP ratios (actual data),,,,Q:LU:P:A:A,,,,,,,,,,,,,,,,,,,,,,,,,,,,,,,,,,,,,,,,,,,,,,,,,,,,,,,,,,,,,,,,,,,,,,,,,,,,,,,,,,,,,,,,,,,,,,,,,,,,,,,,,,,,,,,,,,,,,,,,,,,,,,,,,,,,,,,,,,,,,,,,,,,,,,,,,,,,,,,,,,,,,,,,,,,,,,,,,,,,,,,,,,,,,,137.13175351609,134.72093124138,132.40547269476,130.26387493681,127.12392134219,127.40933304378,126.48027054683,130.69385058403,136.26983586461,140.33102730945,144.05349001287,145.33350243857,146.63459407235,148.17435608726,150.38434582714,147.05446418718,153.6098464512,156.20718328232,153.38517213418,155.36031738305,158.43414398212,158.42457420925,160.82818547435,164.5627988531,170.4334446606,175.39713730371,183.60229016394,189.09149176825,163.90109457438,166.49659753331,169.08530409125,176.02668862735,175.97400745473,177.8831065608,176.28657587549,176.41886609693,183.88699219861,190.86325279295,196.84291859684,204.96466681803,205.50049400141,205.90585885114,205.47864263777,199.71144311496,200.03013392504,201.33105666521,203.82184941914,208.93766610858,242.49668862829,270.69794840094,298.6498242269,326.71318229041,320.60622000474,316.45052638055,312.28438451523,308.79193591108,321.13571464736,336.27407734534,348.18156703682,346.18247154405,333.51949486424,319.71295759984,308.87003819724,299.42470421157,301.74284552373,314.20639714478,319.48082515449,328.22666979058,340.84142938407,345.05267968665,349.50907396239,349.14832977707,347.28323366943,345.32956717104,344.37070720642,343.07866293443,346.33908187137,344.76388276796,347.7967863987,385.77345878171,401.50644328427,397.07272377803,367.20088948747,381.76595171592,384.40961883305,371.60901202239,396.3663293908,368.17359726447,365.16639237094,382.01755439408,375.04669552031,382.77803037192,395.18308720089,383.44870201811,393.57488713168,422.05979807106,432.01745405307,438.80623613855,438.56755695973,435.23915559844,442.19981458306,459.46525355727,449.58994834144,452.54957449913,454.48979283184,448.74933380967,447.73705027752,457.22013809228,452.67716142737,470.88179090712,480.37750444603,482.57094461965,480.84110356471,471.68645938115,465.88193328011,466.6154017757,456.48947919505,451.3633436625,450.56659938979,454.56036707102,448.07592528737,447.08377945866,423.61294126986,462.40506060603,454.09729109208
Q,Quarterly,US,United States,P,Private non-financial sector,A,All sectors,B,Credit-to-GDP trend (HP filter),,,,Q:US:P:A:B,,,,,,,,,,,,,,,,,,,,,,,,,,,,,,,,,,,,,,,,,68.75,69.3511,70.0103,70.6963,71.4302,72.0454,72.6629,73.2538,73.887,74.441,75.0661,75.6772,76.3481,76.9986,77.7,78.384,79.0807,79.6544,80.2356,80.7895,81.389,81.9518,82.5742,83.1892,83.8433,84.4253,85.0287,85.6019,86.205,86.7655,87.3525,87.9006,88.4296,88.8834,89.3472,89.7368,90.1057,90.4244,90.7782,91.1185,91.5658,91.892,92.2296,92.5197,92.8337,93.0664,93.3403,93.5816,93.8488,94.05,94.291,94.5355,94.8063,95.0275,95.2838,95.5374,95.7936,96.0277,96.3124,96.5863,96.8846,97.1691,97.4905,97.8177,98.1295,98.4184,98.7795,99.1458,99.502,99.757,99.9791,100.1455,100.279,100.3072,100.3255,100.3299,100.3536,100.3757,100.4483,100.5261,100.6399,100.7418,100.8906,101.0445,101.1876,101.2807,101.4392,101.6329,101.8462,102.0525,102.2208,102.406,102.6109,102.727,102.84,102.9073,102.9593,103.0181,103.1189,103.2447,103.3992,103.5278,103.6917,103.868,104.0617,104.2305,104.4534,104.6925,105.011,105.3684,105.7987,106.2787,106.8851,107.4772,108.1386,108.8775,109.7264,110.5444,111.4219,112.3207,113.2183,114.0929,114.9901,115.8666,116.7484,117.5696,118.3873,119.1544,119.9164,120.6573,121.3675,122.027,122.649,123.2039,123.7465,124.2096,124.6114,124.9301,125.1718,125.3478,125.4537,125.4859,125.5111,125.5359,125.568,125.5835,125.595,125.5923,125.6087,125.6052,125.6445,125.7024,125.7918,125.8879,126.0021,126.1126,126.2035,126.271,126.3605,126.4834,126.626,126.7998,127.0756,127.3969,127.7745,128.189,128.6357,129.1576,129.7039,130.2752,130.8694,131.4681,132.0679,132.6187,133.2605,133.9856,134.7348,135.4856,136.2697,137.0771,137.9292,138.7715,139.7113,140.6514,141.5599,142.45,143.3526,144.2625,145.2337,146.1674,147.1442,148.1443,149.1744,150.2526,151.3904,152.5529,153.754,154.9636,156.2619,157.6024,158.9617,160.3089,161.5872,162.854,163.9941,165.0614,166.1122,167.1056,167.9642,168.6712,169.1962,169.5725,169.7949,169.9013,169.9107,169.8553,169.7391,169.5206,169.2347,168.9159,168.573,168.1593,167.7455,167.3292,166.9142,166.4913,166.0536,165.5738,165.1069,164.6061,164.1505,163.7176,163.2754,162.8741,162.5131,162.2025,161.8678,161.5518,161.2742,161.0033,160.7734,160.4971,160.2605,159.9972,159.7418,159.4851,159.245,159.0148,158.76,158.6791,158.9131,159.1956,159.5384,159.8852,160.1117,160.233,160.2733,160.2397,160.1386,159.941,159.6604,159.2879,158.8382,158.3118,157.7225,157.0942,156.4337,155.7584,154.9918,154.1968,153.3952,152.5946,151.7983,150.9985
Q,Quarterly,US,United States,P,Private non-financial sector,A,All sectors,C,Credit-to-GDP gaps (actual-trend),,,,Q:US:P:A:C,,,,,,,,,,,,,,,,,,,,,,,,,,,,,,,,,,,,,,,,,0.7754,0.5234,1.0925,1.3479,1.8237,0.5392,0.5547,0.2539,0.7242,-0.1927,0.6391,0.4627,1.1771,0.9085,1.5301,1.284,1.4254,-0.2008,-0.098,-0.4624,0.1641,-0.3438,0.4929,0.3784,0.9268,-0.1249,0.1884,-0.2588,0.1888,-0.4499,-0.0429,-0.6333,-0.9111,-2.0534,-1.8533,-2.9749,-3.2364,-3.9618,-3.315,-3.4576,-1.6562,-3.5789,-3.3097,-4.0091,-3.5235,-4.7774,-3.9824,-4.4258,-3.8872,-4.8925,-4.1038,-3.9439,-3.4002,-4.1509,-3.4522,-3.4079,-3.2762,-3.5663,-2.6103,-2.7269,-2.2384,-2.4138,-1.7179,-1.5722,-1.7951,-2.1378,-0.8417,-0.7287,-0.8815,-2.599,-3.094,-3.969,-4.4246,-6.1175,-6.1179,-6.1881,-5.6834,-5.5526,-4.5256,-4.3114,-3.569,-3.675,-2.7605,-2.5977,-2.7089,-3.4989,-2.27,-1.5978,-1.2155,-1.3012,-1.9224,-1.5753,-1.1903,-2.6914,-2.6698,-3.3838,-3.552,-3.3351,-2.5157,-2.0142,-1.4612,-1.8676,-1.204,-0.957,-0.6293,-1.0419,-0.0782,0.203,1.5702,2.1979,3.3955,4.1566,6.2253,5.8025,6.8358,7.9829,9.659,8.8525,9.633,9.729,9.4352,8.7733,8.9173,8.308,8.1672,6.8909,6.6356,5.575,5.3307,4.817,4.1495,3.1594,2.4209,1.1938,0.9464,-0.4519,-1.499,-2.8933,-4.1433,-5.1606,-6.2288,-7.3273,-7.2403,-7.0457,-6.7221,-6.8178,-6.6972,-6.7542,-6.2333,-6.4042,-5.4832,-5.0075,-4.3222,-4.0849,-3.6571,-3.6192,-3.8547,-4.1518,-3.656,-2.9749,-2.5501,-1.9402,-0.122,0.6688,1.6207,2.2156,2.7082,3.9322,4.2452,4.5555,4.825,4.7665,4.6518,3.6734,5.1445,6.4384,6.6739,6.5143,6.9075,7.1154,7.6891,7.3031,8.7823,8.5421,7.7547,7.2184,7.2317,7.1555,8.0132,7.1406,7.6845,7.8694,8.1689,8.7704,9.5531,9.7123,10.1071,9.9696,11.222,11.6373,11.6341,11.0979,9.5946,9.1258,6.681,5.234,4.8005,3.6739,1.2405,-1.4148,-4.5209,-6.9653,-9.4288,-11.1703,-12.5311,-13.3005,-13.977,-15.3521,-16.0864,-16.203,-16.163,-16.934,-16.4581,-16.0398,-15.5667,-15.2658,-15.0902,-15.3953,-14.7405,-14.9101,-13.7118,-12.9316,-12.7316,-11.6642,-10.6404,-9.4711,-9.62,-9.0268,-8.1099,-7.7644,-6.8397,-7.4472,-6.5542,-6.8289,-6.5026,-6.34,-5.8759,-5.5409,-5.8081,-2.6411,2.8794,3.6338,4.5755,4.5163,2.3096,0.4262,-0.9865,-2.2358,-3.3388,-4.9143,-6.2114,-7.6242,-8.7445,-9.8253,-10.6356,-11.0108,-11.2587,-11.1976,-12.4608,-12.6017,-12.3608,-11.9966,-11.586,-11.3204
Q,Quarterly,CZ,Czechia,P,Private non-financial sector,A,All sectors,A,Credit-to-GDP ratios (actual data),,,,Q:CZ:P:A:A,,,,,,,,,,,,,,,,,,,,,,,,,,,,,,,,,,,,,,,,,,,,,,,,,,,,,,,,,,,,,,,,,,,,,,,,,,,,,,,,,,,,,,,,,,,,,,,,,,,,,,,,,,,,,,,,,,,,,,,,,,,,,,,,,,,,,,,,,,,,,,,,,,,,,,,,,,,,,,,,,,,,,,,,,,,,,,,,,,,,,,91.847586354154,92.099733883765,90.952739333184,89.61710988187,88.306716755327,88.561852835235,87.784136758047,88.143952297801,84.792495434231,83.290247609952,81.710214437833,79.717863891,80.663046623442,81.748865621086,80.504876038078,79.97427531714,90.474446050642,91.465737079926,88.995001114722,88.511571404987,86.519027545934,83.351304435707,80.58142876608,76.382003987437,78.642291419947,77.800797387128,78.449030220165,75.216750861622,71.451654102635,70.927921772888,73.332580963886,71.130755225037,72.853233740666,74.559459148795,65.09433633429,64.23756120253,63.800953502176,62.950523172756,64.189075020805,66.296264591489,64.728376566188,62.243395477906,60.63698120101,60.00669737527,61.734858239044,60.818521110254,60.34795196315,58.944838832683,59.387957375557,60.336019248275,60.402761763228,60.385821272232,62.230435371286,63.179781375659,63.041576073311,64.626201385856,65.113702725241,65.890995352775,67.814658941701,69.361017951083,70.318608849823,71.952140918463,74.298772411786,76.818868606704,76.327873067623,77.804401770472,79.086763581648,80.96245757306,81.15373094086,82.386409734775,81.779458427866,81.487600597509,81.750928803464,82.96415519149,83.832249146642,84.948543124697,84.893736810551,86.501117512671,87.721897800296,89.883270372671,90.674606839892,92.277960773952,92.514676487792,92.620944996417,91.405274096249,91.323629718226,90.63448495598,90.427526069192,89.112299426771,87.629867550973,86.872159867409,86.313586825855,85.363277839303,85.947648274665,86.759957616382,87.163900678525,87.674930575482,87.259261071514,87.078759088828,87.257187242208,87.38531393402,88.823817034464,89.808303645872,90.493799959363,88.967271985682,87.675729122133,86.622476618355,84.688010558342,84.828619152114,86.619110572982,87.814314343296,87.547797863767,89.274429457028,87.896562236467,88.580009225796,89.130563377981,89.064782925215,88.115275342574,89.294729631605,87.188737772227,85.058103138772,83.390803807793,82.679828228606,83.087070644991,86.139134274025,86.470542340963,87.260371254811,87.228694139374,86.012105854823,86.548524545529,85.25391157422,84.995847702374,86.251254806902
Q,Quarterly,RU,Russia,P,Private non-financial sector,A,All sectors,A,Credit-to-GDP ratios (actual data),,,,Q:RU:P:A:A,,,,,,,,,,,,,,,,,,,,,,,,,,,,,,,,,,,,,,,,,,,,,,,,,,,,,,,,,,,,,,,,,,,,,,,,,,,,,,,,,,,,,,,,,,,,,,,,,,,,,,,,,,,,,,,,,,,,,,,,,,,,,,,,,,,,,,,,,,,,,,,,,,,,,,,,,,,,,,,,,,,,,,,,,,,,,,,,,,,,,,,,,,,,,,,22.522563958803,20.083350221934,18.389166374635,17.122955430309,17.14844373344,14.943280708923,15.822028906401,15.908979176864,17.524794961977,18.532653205559,19.052886150807,19.271597445509,20.264170786727,30.372049424348,33.849670254349,32.465130567619,28.116737252679,25.862042373151,25.588047827388,23.387365337601,22.159516645453,22.497992494883,23.713960303902,22.287956310532,23.250639565485,24.739123637877,26.250529810362,26.136254163102,28.204214570686,28.859633159891,29.730768726824,31.302826533164,32.104897500555,34.199763759274,34.948554568005,37.443741129751,37.422280693076,37.206857666488,38.888468046635,35.565683509859,35.451460484537,39.154174411855,44.641433180429,43.791023038796,44.808001219045,44.677691409667,48.18264204255,49.299672069397,56.661818251421,59.711780209153,59.765497972596,61.330229054578,61.362548906257,62.133764956599,65.549426507346,70.545304059707,67.614750744084,70.00822797886,70.415983547338,65.668178910692,65.102407634317,64.650129701638,63.090298945081,60.058801610232,59.877614999814,62.693774103517,63.668104569863,62.960275183293,66.160025296637,68.091459769772,69.486496081101,71.797087886851,75.585087843448,79.131289386663,81.557076380109,84.208347450564,85.341741433482,88.720989281564,98.240788864708,98.672388838014,96.490228564987,101.85721526628,103.94700073317,102.62038225338,100.29352269471,100.43093618973,99.616109669964,96.840383428095,97.946421044587,98.672464798662,99.274272076854,98.207241125786,98.713430302247,98.121159440882,98.083674323276,96.011117582072,95.056295713388,96.916381678858,98.662941260174,105.40946910856,107.72167211066,113.90441486361,114.93601348538,112.41465210826,106.64255357868,103.87716198225,99.595169186675,97.348486435684,87.214912203382,87.928843785642,91.933774306727,95.439183362265,97.665981767251,100.07326014581,99.581910061527,98.45930008527,97.393926292902,99.418132645843,100.17883697595,98.827590367331,101.21498469948,103.41068760113,104.79588628672,104.68869120357
Q,Quarterly,DE,Germany,P,Private non-financial sector,A,All sectors,B,Credit-to-GDP trend (HP filter),,,,Q:DE:P:A:B,,,,,,,,,,,,,,,,,,,,,,,,,,,,,,,,,,,,,,,,,,,,,,,,,,,,,,,,,,,,,,,,,,,,,,,,,,,,,,,,,,,,,,,,,,,,,88.8712,89.104,89.3535,89.6517,90.0933,90.479,90.9518,91.4003,91.9861,92.5411,93.0839,93.5789,94.0846,94.5243,94.9695,95.381,95.8092,96.1553,96.5123,96.8592,97.3122,97.6423,97.9695,98.2609,98.6041,98.8464,99.1286,99.4069,99.7625,99.9897,100.2569,100.505,100.8508,101.1473,101.4837,101.7865,102.16,102.4321,102.7649,103.1057,103.6233,104.1679,104.7675,105.3692,106.0113,106.5618,107.141,107.7498,108.4403,109.0064,109.6049,110.1961,110.8176,111.3235,111.852,112.3645,112.9121,113.426,113.907,114.3117,114.7711,115.1259,115.45,115.7042,115.9339,116.0812,116.2032,116.3614,116.5283,116.6085,116.6973,116.7548,116.8403,116.852,116.871,116.8816,116.9501,117.0038,116.9593,116.8819,116.8277,116.696,116.5702,116.5233,116.5058,116.477,116.4784,116.4807,116.4672,116.5464,116.7131,116.9675,117.3613,117.613,117.8893,118.21,118.5808,118.7281,118.9406,119.1615,119.4253,119.7188,120.0789,120.4832,120.9573,121.4368,121.9525,122.4749,123.0402,123.5838,124.1391,124.7398,125.4534,125.9993,126.6369,127.3217,128.1638,129.1045,130.1537,131.1864,132.4995,133.7905,135.0579,136.3192,137.5123,138.6111,139.7709,140.9002,142.0307,143.1437,144.2724,145.3553,146.3498,147.125,147.7707,148.3015,148.7227,149.0598,149.436,149.8146,150.1742,150.5665,150.9703,151.3396,151.6086,151.7271,151.7929,151.768,151.7418,151.6547,151.5598,151.4771,151.4825,151.5549,151.6899,151.8119,151.9376,151.9593,151.9557,151.8864,151.7012,151.3058,150.86,150.4611,150.0712,149.6538,149.2511,148.829,148.3959,148.0276,147.6915,147.3707,147.0461,146.6787,146.3184,145.8891,145.2506,144.6543,144.0692,143.4971,142.9263,142.4036,141.9157,141.4853,141.075,140.6941,140.2938,139.8789,139.4707,139.0378,138.6815,138.3798,138.0627,137.8115,137.6346,137.4748,137.3407,137.2746,137.5098,137.877,138.3309,138.8967,139.305,139.6645,140.0053,140.3018,140.5727,140.9117,141.1689,141.3007,141.3419,141.2772,141.1347,140.9473,140.7368,140.5232,140.2633,140.0422,139.8184,139.5766,139.2924,139.0112
Q,Quarterly,HU,Hungary,P,Private non-financial sector,A,All sectors,C,Credit-to-GDP gaps (actual-trend),,,,Q:HU:P:A:C,,,,,,,,,,,,,,,,,,,,,,,,,,,,,,,,,,,,,,,,,,,,,,,,,,,,,,,,,,,,,,,,,,,,,,,,,,,,,,,,,,,,,,,,,,,,,,,,,,,,,,,,,,,,,,,,,,,,,,,,,,,,,,,,,,,,,-0.1791,-0.6583,-1.1445,-1.5963,-2.2067,-2.4631,-2.578,-2.5891,-2.5544,-1.5405,-1.4772,-1.5203,-2.4518,-1.2731,-2.4021,-2.9744,-3.73,-3.3403,-2.3699,-3.2424,-3.8404,-3.236,-2.459,-2.1493,-2.695,-2.4282,-2.7459,-3.2038,-3.1659,-4.4493,-5.3698,-5.8028,-6.2244,-5.026,-5.3319,-4.6937,-9.8897,-11.2063,-11.4369,-10.8195,-9.9601,-11.6573,-13.3687,-13.462,-12.255,-14.4129,-13.6927,-14.1196,-16.8148,-15.8998,-15.8889,-15.6511,-14.6707,-14.2836,-12.1929,-10.5596,-9.7681,-10.3981,-10.2004,-9.7341,-11.235,-11.5559,-10.7172,-9.1836,-5.1598,-5.4793,-3.9778,-3.2842,-1.7919,-1.9644,-0.5148,0.1321,-1.314,-0.0507,1.3261,2.0526,2.8525,3.878,6.1317,7.5279,8.8232,9.8522,8.2413,9.2097,9.1558,7.1349,8.7425,8.5204,7.1405,8.3641,12.061,11.0076,15.0145,14.1224,16.0685,15.5046,16.5025,17.9589,20.0769,20.6474,21.8369,20.5242,25.0128,23.0882,20.8229,19.1327,22.0303,24.1116,28.5741,28.4348,21.0818,24.3189,28.7418,43.638,31.9409,28.5997,30.4175,27.2011,31.1003,21.0558,17.6517,9.5181,8.4408,11.565,11.1467,3.6866,1.1687,-4.4269,-4.2542,-2.7643,-7.2654,-10.5791,-14.5018,-15.5139,-16.1,-17.6146,-18.5719,-23.2762,-22.4642,-25.9255,-26.3481,-26.8044,-25.5407,-29.3425,-28.4976,-29.137,-29.3951,-29.2403,-30.1707,-29.8985,-25.9801,-26.5861,-26.803,-26.1834,-24.0882,-23.6304,-21.991,-17.7162,-14.9965,-12.0039,-10.4444,-4.1366,-5.9393,-1.8204,1.038,0.0144,2.9613,8.1637,0.9049,-3.0242,-6.0326,-5.84,-8.4299,-6.6663,-5.1831,-5.4366,-4.5304,-7.3007,-6.7022,-7.3747,-7.2486,-8.1019
Q,Quarterly,HU,Hungary,P,Private non-financial sector,A,All sectors,B,Credit-to-GDP trend (HP filter),,,,Q:HU:P:A:B,,,,,,,,,,,,,,,,,,,,,,,,,,,,,,,,,,,,,,,,,,,,,,,,,,,,,,,,,,,,,,,,,,,,,,,,,,,,,,,,,,,,,,,,,,,,,,,,,,,,,,,,,,,,,,,,,,,,,,,,,,,,,,,,,,,,,60.0656,60.6458,61.1761,61.6601,62.083,62.4786,62.8601,63.237,63.6135,64.075,64.5399,64.9993,65.3795,65.8526,66.2336,66.5663,66.8364,67.1316,67.4961,67.7924,68.0405,68.3278,68.6668,69.0247,69.3415,69.6735,69.9804,70.2525,70.523,70.7034,70.8168,70.8946,70.9371,71.049,71.1345,71.2536,71.036,70.7217,70.3775,70.0559,69.7725,69.3702,68.8461,68.2972,67.8026,67.1592,66.5384,65.8719,65.0226,64.2033,63.361,62.5091,61.6921,60.8759,60.1618,59.5256,58.9199,58.2621,57.5999,56.9493,56.1956,55.4056,54.6466,53.9604,53.4944,53.0017,52.5878,52.208,51.9097,51.5986,51.3685,51.1752,50.8981,50.6923,50.5663,50.4845,50.4524,50.4843,50.6532,50.9128,51.2597,51.6805,52.0239,52.4368,52.8615,53.1841,53.6113,54.0399,54.4024,54.8474,55.5201,56.1514,57.0326,57.8866,58.8763,59.8595,60.9257,62.1031,63.4324,64.8274,66.3249,67.782,69.5323,71.212,72.7981,74.3203,76.0414,77.9189,80.094,82.3076,84.1417,86.1976,88.5491,91.8097,94.4642,96.9773,99.6422,102.1703,104.9684,107.2357,109.3402,111.0026,112.6181,114.4282,116.2329,117.6239,118.8752,119.8045,120.7366,121.7481,122.4945,123.0373,123.336,123.5524,123.7098,123.7533,123.7127,123.3698,123.0359,122.4653,121.8281,121.1216,120.4447,119.5062,118.5689,117.5484,116.4655,115.3437,114.1206,112.8642,111.7859,110.6303,109.4189,108.1998,107.0594,105.9062,104.8095,103.9243,103.1677,102.5599,102.0227,101.8335,101.5333,101.4617,101.5525,101.5857,101.7895,102.2991,102.402,102.279,101.9772,101.6766,101.2167,100.8452,100.5486,100.2289,99.9528,99.509,99.0881,98.6173,98.1418,97.6052
Q,Quarterly,JP,Japan,P,Private non-financial sector,A,All sectors,C,Credit-to-GDP gaps (actual-trend),,,,Q:JP:P:A:C,,,,,,,,,,,,,,,,,,,,,,,,,,,,,,,,,,,,,,,,,,,,,,,,,,,,,,,,,,,,,,,,,,,,,,,,,,,,,,,,,,,,,,,,,,,,,,,,,,,,,,,,,,,,,-3.8668,-5.1581,-5.1892,-3.5039,-0.6993,-1.5269,-2.5548,-2.6208,-1.4331,-3.1061,-4.7556,-4.5774,-3.9071,-5.4069,-6.9861,-6.882,-5.1128,-6.5053,-7.0547,-5.4444,-2.9184,-2.6749,-2.9424,-3.0228,-2.2711,-3.2026,-4.4261,-2.8637,0.0982,0.0661,-0.4044,1.4538,3.8055,5.0461,4.1773,5.2827,7.2193,7.1683,5.1576,6.909,7.2997,7.3665,5.1064,5.5568,6.3649,5.7356,4.4451,6.1581,8.8092,9.5831,14.2558,16.5768,18.2462,15.9981,14.8683,15.9681,17.8646,17.2066,16.8068,19.3923,21.1683,23.7554,19.9487,19.5186,19.0806,15.0713,12.1848,10.6396,10.5578,7.5694,5.9791,5.1973,6.8068,5.2622,4.4768,5.0797,5.8568,2.3565,-1.2321,-1.9765,-2.5346,-4.1093,-6.7219,-6.904,-6.6842,-9.2163,-11.7948,-13.3776,-13.014,-16.4915,-17.6781,-18.2331,-15.4114,-17.955,-17.9068,-16.5553,-20.3904,-23.0907,-24.3945,-24.1908,-20.9512,-23.1092,-26.2704,-26.1389,-26.8655,-28.3322,-29.6498,-28.5782,-26.7701,-26.3916,-26.3719,-27.4565,-25.5309,-26.388,-27.9355,-28.5562,-26.9749,-28.3563,-29.0602,-28.8427,-26.8072,-24.3598,-24.7584,-22.3961,-20.6391,-19.9232,-19.2671,-17.2443,-15.8347,-15.422,-17.0223,-14.9438,-12.6764,-13.2084,-9.8906,-8.2801,-3.4204,-1.3461,0.9653,3.5141,5.1611,2.7448,1.5384,-0.412,-1.3471,-1.6941,-0.9434,0.4786,1.4176,0.6915,-1.7201,-0.1635,1.5318,2.0503,1.228,1.3728,1.925,1.2104,-0.2345,0.3105,1.2075,0.2419,-1.5708,-1.5938,-0.6398,-1.0284,0.0633,1.9047,3.6939,4.453,4.0799,4.3718,4.8876,4.6648,5.4627,6.8373,8.4738,8.8518,9.2542,10.5045,12.6264,13.1958,23.7384,26.1791,27.0421,26.5631,22.9842,21.3604,21.3163,20.0626,19.9419,18.9306,18.3174,15.7567,13.7375,12.0831,10.869,10.4043,9.4427,6.7199,7.2338,4.6087,3.3488,4.1848,5.8727,5.6702
Q,Quarterly,HK,Hong Kong SAR,P,Private non-financial sector,A,All sectors,A,Credit-to-GDP ratios (actual data),,,,Q:HK:P:A:A,,,,,,,,,,,,,,,,,,,,,,,,,,,,,,,,,,,,,,,,,,,,,,,,,,,,,,,,,,,,,,,,,,,,,,,,,,,,,,,,,,,,,,,,,,,,,,,,,,,,,,,,,,,,,,,,,,,,,,,,,,,,,99.975998398563,101.02536029638,101.2101306614,99.647555551209,100.69217860263,94.676919098301,83.747885891205,100.47602468064,109.42718693406,114.76065477697,124.52686178486,127.00666747409,126.81424182353,132.66797551844,138.27611306997,140.82423949583,144.36394063179,148.13546638074,148.69304970208,157.22582605029,147.0168077204,141.93988015747,136.78486421326,131.54343516359,130.37645684019,127.50101818208,128.27853451068,129.62168763218,128.89302127346,133.36001493366,133.79887832501,134.08492992903,132.00808917493,135.53899272975,132.17318351513,136.05749949369,133.04985179299,130.875679847,134.22374050734,135.03245248347,138.30917583659,148.4820575194,148.84195862669,153.74586937605,156.45690928663,155.89459440502,159.32393572413,159.86183749188,166.64535798643,162.85935516656,152.17058615959,152.05109291472,151.31159024205,148.90563127438,149.71561385059,148.09735308307,142.99082257634,147.15065987723,145.38026755893,147.02411148808,145.78066094174,147.7833729703,149.31465388755,148.52138834522,146.57131753316,148.97765763915,153.82216181789,154.23848557251,157.75414117322,159.46073000917,164.07515450954,164.33647204284,165.39819228759,170.81562647135,176.66228465221,181.25229452712,175.39479303282,173.30156144749,174.39354492623,176.33191750994,174.45700730059,172.80861948427,170.06176643269,168.79873896086,166.08878170261,163.9434701194,160.83866672952,165.90872155889,162.86501656871,164.14337666784,162.51630693057,162.99625141982,161.8714548923,163.21850107502,162.38343166168,162.12277629923,161.02920717306,160.81602623483,165.98516369717,166.74272954276,168.77271028941,170.95481530645,167.00869586062,166.8790896365,169.80182384116,171.56187035093,176.55212188159,173.16260000028,173.87302562246,172.65368689512,175.1364195654,175.03153693693,176.2399867962,178.59040085318,188.08130214466,194.06337312671,187.36721066456,190.91289777276,196.28325401207,197.98235759077,191.83834680301,186.54093026737,194.90085163435,198.18299312475,194.61045172733,200.29110441225,211.69870789607,224.59026881337,225.16845364633,237.150727063,242.87271444893,244.93388873858,237.69167498496,239.03775236593,239.55508387563,239.897865053,239.0298285226,246.71862152863,261.42468291719,265.84408471829,264.60732864542,278.58727605047,288.03935045461,292.89236579514,283.98034470936,293.18013815998,292.82074683237,286.24075484984,297.45977465289,295.84406558273,300.90496537809,301.84861020142,306.48027333786,316.91576208232,331.09586225571,335.08965784586,343.40370300912,349.52446514774,345.37799618591,332.93447195629,335.37926534042,335.86933263724,341.62227379287,346.26718411663,349.32587357261,367.85212708457,372.79937860279,392.34977918969,383.93582763708,388.55205392971,396.61186227604,380.82839694869,368.49908113163,381.06671053556,383.4955662626,373.98412322282,373.0071690598,375.76544604529,373.87000993367,364.74757402504,362.92792575901,358.08076066998,339.55745285728,334.73289189428,326.92966769141,330.41338485417,335.16025656391,332.4254370753,328.49179110038,338.48460780855
Q,Quarterly,LU,Luxembourg,P,Private non-financial sector,A,All sectors,C,Credit-to-GDP gaps (actual-trend),,,,Q:LU:P:A:C,,,,,,,,,,,,,,,,,,,,,,,,,,,,,,,,,,,,,,,,,,,,,,,,,,,,,,,,,,,,,,,,,,,,,,,,,,,,,,,,,,,,,,,,,,,,,,,,,,,,,,,,,,,,,,,,,,,,,,,,,,,,,,,,,,,,,,,,,,,,,,,,,,,,,,,,,,,,,,,,,,,,,,,,,,,,,,,,,,,,,,,,,,,,,,,,,,,,,,,,,,,,,,,,,,,,,,,,,,,,,,,,,,,,,,10.8053,8.5742,5.779,-1.6349,-2.844,-3.0476,-2.1408,1.1003,30.1969,51.9938,71.7772,90.0402,75.2411,63.2712,52.1049,42.3185,47.8816,55.5875,59.6823,50.4818,31.9215,13.517,-0.9036,-13.0608,-13.4131,-4.2412,-2.3811,2.6128,10.9113,10.7995,10.9113,6.4832,0.9065,-4.4147,-8.4737,-12.591,-12.1658,-16.2984,-15.8298,17.5217,27.9568,18.7546,-13.9031,-2.785,-3.5384,-18.8035,2.2427,-27.8493,-32.4389,-17.9884,-26.8061,-21.2149,-11.496,-25.0926,-17.2546,7.5059,13.3811,15.9177,11.6529,4.689,7.8232,20.5075,6.8193,6.003,4.2596,-4.6517,-8.5977,-2.3957,-9.786,4.7423,10.2349,8.5091,3.1571,-8.9237,-17.1621,-18.7432,-30.4734,-36.7885,-38.6093,-35.7432,-42.8838,-44.3762,-66.9669,-29.3638,-38.2957
Q,Quarterly,LU,Luxembourg,P,Private non-financial sector,A,All sectors,B,Credit-to-GDP trend (HP filter),,,,Q:LU:P:A:B,,,,,,,,,,,,,,,,,,,,,,,,,,,,,,,,,,,,,,,,,,,,,,,,,,,,,,,,,,,,,,,,,,,,,,,,,,,,,,,,,,,,,,,,,,,,,,,,,,,,,,,,,,,,,,,,,,,,,,,,,,,,,,,,,,,,,,,,,,,,,,,,,,,,,,,,,,,,,,,,,,,,,,,,,,,,,,,,,,,,,,,,,,,,,,,,,,,,,,,,,,,,,,,,,,,,,,,,,,,,,,,,,,,,,,194.6952,197.3316,199.6997,201.3463,202.8741,204.3786,205.9627,207.8374,212.2998,218.7042,226.8726,236.673,245.3651,253.1794,260.1795,266.4734,273.2541,280.6865,288.4992,295.7007,301.598,306.196,309.7737,312.4856,315.156,318.4476,321.8619,325.6138,329.9301,334.2532,338.5978,342.6652,346.3767,349.7442,352.8444,355.6697,358.5049,361.0623,363.6266,368.2517,373.5496,378.3181,381.104,384.5509,387.948,390.4125,394.1236,396.0229,397.6053,400.0059,401.8528,403.9929,406.6791,408.5413,410.8295,414.5539,418.6363,422.8885,426.9147,430.5502,434.3767,438.9577,442.7706,446.5465,450.2302,453.4011,456.3348,459.6158,462.4632,466.1395,470.1426,474.0619,477.684,480.6102,483.0441,485.3586,486.9629,488.1519,489.1759,490.3036,490.9598,491.46,490.5798,491.7689,492.393
Q,Quarterly,RU,Russia,P,Private non-financial sector,A,All sectors,B,Credit-to-GDP trend (HP filter),,,,Q:RU:P:A:B,,,,,,,,,,,,,,,,,,,,,,,,,,,,,,,,,,,,,,,,,,,,,,,,,,,,,,,,,,,,,,,,,,,,,,,,,,,,,,,,,,,,,,,,,,,,,,,,,,,,,,,,,,,,,,,,,,,,,,,,,,,,,,,,,,,,,,,,,,,,,,,,,,,,,,,,,,,,,,,,,,,,,,,,,,,,,,,,,,,,,,,,,,,,,,,,,,,,,,,,,,,,,,,,,,,,,,,,,,,,,,,,,,,,,,,36.0347,36.78,37.9625,38.9718,39.9883,40.9121,42.0592,43.2115,44.8782,46.6705,48.3415,50.018,51.5825,53.0988,54.7668,56.6912,58.2814,59.9399,61.5223,62.6753,63.7139,64.653,65.4244,65.9405,66.4037,67.0123,67.6392,68.176,68.8751,69.6482,70.4582,71.3597,72.4388,73.6722,74.9846,76.3859,77.7812,79.3041,81.3118,83.249,84.9656,86.91,88.8827,90.6853,92.2667,93.7763,95.1623,96.3177,97.4711,98.6009,99.7011,100.6788,101.6265,102.4838,103.2849,103.9182,104.4517,105.0452,105.691,106.6646,107.7105,109.0404,110.361,111.4765,112.2136,112.7495,113.0069,113.1065,112.6199,112.161,111.9107,111.8363,111.8634,111.9995,112.083,112.0815,112.0009,112.0133,112.0475,111.9877,112.0417,112.1965,112.4051,112.5849
Q,Quarterly,CL,Chile,P,Private non-financial sector,A,All sectors,B,Credit-to-GDP trend (HP filter),,,,Q:CL:P:A:B,,,,,,,,,,,,,,,,,,,,,,,,,,,,,,,,,,,,,,,,,,,,,,,,,,,,,,,,,,,,,,,,,,,,,,,,,,,,,,,,,,,,,,,,,,,,,,,,,,,,,,,,,,,,,,,,,,,,,,,,,,,,,,,,,,,,,,,,,,,,,,,,,,,,,,,,,,,,,,,,,,,,,,,,,,,,,,,,,,,,,,53.4575,53.974,54.6135,55.5005,56.238,56.8249,57.4166,58.0184,58.6431,59.0476,59.6056,60.4555,61.3522,62.2201,63.2439,64.4859,65.7536,66.9537,68.2338,69.7325,71.3272,73.0323,74.6647,76.3169,78.1187,80.1728,82.2616,84.1643,85.8433,87.5718,89.2783,91.0806,92.9334,94.7812,96.8178,98.4415,99.9477,101.5098,103.1814,104.5394,105.7754,106.6932,107.3877,107.805,108.2125,108.5232,108.7091,108.599,108.4949,108.3675,108.1052,107.7647,107.3732,106.9155,106.4224,105.9165,105.4328,104.9386,104.5955,104.3488,104.0254,104.0432,104.4396,105.2223,106.0227,106.6417,107.3182,107.8985,108.4426,108.984,109.1957,109.2672,109.3192,109.36,109.6004,109.9671,110.2845,110.7528,111.1891,111.8304,112.4311,113.174,113.9792,114.9713,116.0769,117.1948,118.5269,119.9879,121.3963,122.7689,124.5747,126.3101,127.8713,129.3216,130.7042,132.0494,133.326,134.5326,135.5478,136.3902,137.1332,137.9049,138.7485,139.7391,140.6836,141.7578,143.0679,144.4415,146.0859,148.1006,149.9924,151.2956,152.4267,153.0897,153.6899,154.1711,154.3208,154.8535,155.4521,155.675,155.481,155.2396,155.234,155.2105,155.3987,155.359,155.0671,154.8452,154.462,153.9433,153.4218,152.6953,151.9637
Q,Quarterly,RU,Russia,P,Private non-financial sector,A,All sectors,C,Credit-to-GDP gaps (actual-trend),,,,Q:RU:P:A:C,,,,,,,,,,,,,,,,,,,,,,,,,,,,,,,,,,,,,,,,,,,,,,,,,,,,,,,,,,,,,,,,,,,,,,,,,,,,,,,,,,,,,,,,,,,,,,,,,,,,,,,,,,,,,,,,,,,,,,,,,,,,,,,,,,,,,,,,,,,,,,,,,,,,,,,,,,,,,,,,,,,,,,,,,,,,,,,,,,,,,,,,,,,,,,,,,,,,,,,,,,,,,,,,,,,,,,,,,,,,,,,,,,,,,,,-0.5832,2.3741,6.6789,4.8192,4.8197,3.7656,6.1235,6.0882,11.7836,13.0413,11.424,11.3122,9.7801,9.035,10.7826,13.8541,9.3333,10.0683,8.8937,2.9928,1.3885,-0.0029,-2.3341,-5.8817,-6.5261,-4.3185,-3.9711,-5.2157,-2.7151,-1.5568,-0.9717,0.4374,3.1463,5.4591,6.5725,7.8225,7.5606,9.4169,16.929,15.4234,11.5246,14.9472,15.0643,11.935,8.0268,6.6547,4.4538,0.5226,0.4753,0.0715,-0.4268,-2.4715,-2.913,-4.3626,-5.2012,-7.9071,-9.3954,-8.1289,-7.0281,-1.2551,0.0112,4.864,4.575,0.9382,-5.571,-8.8723,-13.4117,-15.758,-25.405,-24.2321,-19.9769,-16.3971,-14.1974,-11.9262,-12.5011,-13.6222,-14.6069,-12.5952,-11.8686,-13.1601,-10.8267,-8.7858,-7.6093,-7.8962
Q,Quarterly,CL,Chile,P,Private non-financial sector,A,All sectors,C,Credit-to-GDP gaps (actual-trend),,,,Q:CL:P:A:C,,,,,,,,,,,,,,,,,,,,,,,,,,,,,,,,,,,,,,,,,,,,,,,,,,,,,,,,,,,,,,,,,,,,,,,,,,,,,,,,,,,,,,,,,,,,,,,,,,,,,,,,,,,,,,,,,,,,,,,,,,,,,,,,,,,,,,,,,,,,,,,,,,,,,,,,,,,,,,,,,,,,,,,,,,,,,,,,,,,,,,9.111,9.9339,11.0041,13.3514,11.5975,9.8245,9.7286,9.6918,9.801,7.1256,8.8082,12.1377,12.5115,11.9598,13.7135,16.2542,16.3199,15.1678,15.9711,18.6281,19.6095,20.7854,19.4078,19.3393,21.1139,24.3501,24.3983,21.2077,17.4921,17.888,17.2039,18.3134,18.7135,18.2501,20.8,13.9054,11.7575,12.3887,13.8589,8.5287,6.3713,1.0811,-2.5756,-7.0403,-7.0353,-8.4606,-10.3215,-14.9761,-14.5117,-14.5431,-16.4382,-17.338,-17.7575,-18.4229,-18.5496,-18.2864,-17.4377,-17.16,-14.1381,-12.1225,-13.1103,-6.9318,-0.2701,6.3519,6.4826,3.1971,4.0968,2.333,1.6466,1.5563,-4.1623,-6.4605,-6.6193,-6.6287,-3.0052,-0.7422,-1.5736,1.0734,0.4914,4.0175,3.2026,5.5673,6.4885,9.5331,11.2267,11.1223,14.5105,16.3305,14.9607,13.9237,21.0143,19.2077,15.6589,13.3045,11.7586,10.7835,9.294,7.8251,4.2972,1.1923,-0.5572,-0.0469,1.197,3.7023,2.8011,4.9631,8.8974,9.7457,14.1478,20.1467,17.4556,6.8002,3.6353,-4.5536,-5.5088,-7.412,-12.9286,-5.9475,-4.6448,-11.0016,-17.8968,-18.2127,-13.6259,-13.5525,-9.5141,-13.1848,-17.1711,-15.4796,-17.8326,-19.671,-19.167,-22.171,-21.636
Q,Quarterly,KR,Korea,P,Private non-financial sector,A,All sectors,A,Credit-to-GDP ratios (actual data),,,,Q:KR:P:A:A,,,,,,,,,,,,,,,,,,,,,,,,,,,,,,,,,,,,,,,,,,,,,,,,,,,,,,,,,,,,,26.342641227878,26.871724199183,27.059147956179,26.270795959801,23.7441561406,22.91946538521,22.172613079213,21.216990522747,19.484532783979,19.507689267044,20.401502120293,20.870110609972,23.474002830013,23.893517669282,24.968029456833,25.658446353272,26.032655255866,27.08543712023,30.182898446766,34.100862340431,35.931147567987,35.373495463593,36.098794591205,40.462935114962,44.122771902111,48.160926677043,52.689237920078,54.852964604571,53.56255264654,50.989028910103,51.693708630504,53.301131123417,54.603181630521,55.516120090485,55.664658916306,57.753095116136,57.97860852173,58.477250714052,59.035457056626,59.708261455253,57.30754622165,57.38195817281,58.217846774846,58.385879734521,58.491212642352,58.069400930749,58.574925690985,60.674243309137,60.434267823884,56.601947078013,55.363687949891,54.956821108872,53.645240918624,52.949228816202,50.954381591541,51.485554496815,50.749561687462,50.33982954397,50.796531393471,52.219739878261,51.365834125642,53.23114292601,55.029555100448,55.054921569781,55.512953333775,55.985410691624,56.489722237282,59.529604129178,61.535529627394,68.323215700512,70.586588102362,73.748901014575,76.304774519608,76.854745191925,78.58089718425,79.45623683714,81.925001318103,83.017432803267,82.776980028295,85.646398892552,91.755139949968,92.951008027836,94.258315351501,92.82484650793,93.718339210262,94.162837477419,95.392657213257,95.952935697343,97.423528559901,99.996523825346,103.15270214086,105.65959181112,104.09832718717,102.71527740472,104.05320202431,102.51176353904,101.90647267715,100.32429980829,99.681681112402,99.148469100006,97.371340793756,93.916366777507,95.585586163147,94.169363898034,92.699256104072,95.595777334969,100.96929306213,104.01787847692,105.06846997556,105.25768227691,106.89541887308,107.16155849631,112.4071753466,116.10667726734,116.28675751199,118.33073539781,118.34749112427,118.92673694644,119.20568743292,120.69671900413,122.27271593206,123.52722543726,125.15968791084,128.26254400345,126.66012988397,127.39628451825,128.9025697024,131.76607122332,130.75352056233,131.32444598326,132.08446638696,132.20458771863,131.8643151576,133.16884424618,135.6740614262,139.98714925866,140.74403566024,145.82608675889,146.61465665164,148.25809732006,155.04333374802,153.59773142822,153.24282459509,156.96046936373,153.69986744814,159.0504212185,151.36183145811,147.81129570201,139.58058552506,139.3921701877,136.26357280729,136.08891310529,133.38032106091,134.29574416291,133.93898962808,135.85961765247,134.68941387011,137.37356504936,139.47924351961,140.95894746227,141.04875866711,140.98983022329,140.05351739438,139.23751891084,138.02978766268,136.18685036863,133.74200295884,132.48780222572,129.69250253849,129.13039614275,130.67592583887,130.92213653131,131.69092182049,132.6573918828,136.20088159262,138.89485537025,142.20665935042,144.06856948717,145.68423100193,146.59746618644,147.90329766205,151.28470686223,154.85558044861,157.95538465584,161.52077394921,163.74023765649,166.13103000569,167.20844711185,166.60886134889,164.63869570295,164.07036128897,163.36701099968,161.75471390911,162.06242260104,163.24592573011,165.75869130941,165.70312243282,166.09450353819,167.21381342982,168.68262665737,167.81427287145,169.69480805817,169.79059172774,169.37326180715,168.35702384728,168.58737614463,168.67202487221,170.58493190677,171.34352856636,171.20562278739,171.1977937368,172.24041957397,172.26920478391,172.00917498254,172.26438455415,172.22859825386,172.57105270595,171.97444545356,173.25483378663,173.05191364568,172.63991043896,173.39265989665,174.41965845319,176.19841959136,177.20693013289,178.4422350506,180.87158531937,183.1271486347,185.07770505877,188.55473284471,193.9571263777,198.06424508995,200.63118345623,202.65763609963,203.92850814321,205.16605325363,205.43353078927,204.54608515011,205.80264701698,207.77262908936,208.57347984618,208.23218994428,208.35403655856,208.77371559844,205.99825351293,203.25225568526,201.61853367432,200.72378208628,199.83692797021,200.00594695149,199.67691966297,199.40624333398,198.03369456886,191.48130258004
Q,Quarterly,PT,Portugal,P,Private non-financial sector,A,All sectors,A,Credit-to-GDP ratios (actual data),,,,Q:PT:P:A:A,,,,,,,,,,,,,,,,,,,,,,,,,,,,,,,,,,,,,,,,,,,,,,,,,,,,,63.594442713378,62.697934123802,61.58207527757,60.395785026824,59.292167901147,60.402993856326,61.561661815312,62.696909555042,63.678523488522,64.566997553862,65.326097360828,66.006539495558,66.682229555447,68.148957585454,69.538027320601,70.7994274903,71.779591686687,72.508264260309,73.049341922845,73.523027415684,74.045447804426,73.385723637797,73.908397715063,75.999437522476,77.607242247074,76.024802791987,75.768703078424,74.889853283646,73.816514213292,71.987496778558,73.960947697049,74.391012218061,77.177605635906,76.539394527921,79.222354035217,80.48599814028,85.640706362656,84.179202325539,86.389219849368,88.061672753204,86.619660494735,85.47540520697,87.543150674915,89.482723940194,95.63859445793,98.260917430541,100.46730238804,102.25556061447,105.49672914855,108.25624341826,106.55043435348,107.98582605068,115.00153536075,112.70636878192,109.60683670218,108.92893099514,112.52109199486,111.31904939806,112.69313520046,112.40250866054,114.61928027789,111.43814306862,109.99622717105,107.99044108266,116.2399916865,112.16475980472,107.66150864394,107.61988013301,112.49395159419,109.61413826491,111.18927744821,110.0779379811,110.82476451582,108.04833949033,108.33153194291,106.6063920275,107.96009921202,108.13990084726,106.8269646503,106.10990719874,110.74718862421,113.36721341603,117.82431570435,118.91535250874,121.12169319589,122.71997266902,125.77528113346,126.47636793157,129.09939439653,129.07799539002,132.01082023491,130.75700247833,137.96421358201,134.12412247879,135.60492475993,137.20046551324,136.97599082245,132.92536898926,129.47579920895,124.33367503559,118.36708272698,110.86816599885,106.29730200436,102.80267767344,99.785973426507,97.563328770232,94.874077506682,93.714496343314,91.321231465751,89.923335288721,87.558398972452,86.705263865328,86.508816432434,82.40481877663,81.508248573428,80.902792510182,82.344965882158,80.953369157311,81.99680227382,78.266682620399,77.05297748631,78.788026240894,81.686021694657,81.786619013968,82.287540009001,79.616921227087,80.289812664493,81.903040368534,85.664280128129,85.400390014742,88.96071746409,89.845074124326,94.52317184919,93.583358979457,93.341131378925,92.997134957761,96.271065253547,93.593248961663,93.21560928488,92.85896206365,93.422018904059,98.032953443851,99.351170389421,100.12563307699,102.27875913074,104.63159152069,104.25821506955,104.06935248311,106.13416709909,112.01006127118,113.32528911228,114.80493690529,118.90671798077,120.14550695682,125.63582551638,128.30864544887,131.20994211698,136.73955848824,138.56106362259,140.78467136854,142.75287097641,146.7725038621,149.49124511424,152.02568113904,154.35192734161,154.68434491944,153.87983683434,156.43959354831,160.29390428342,165.12146559655,165.98905495815,166.1813467933,167.5716317354,171.7571129182,173.51157242975,174.94276335793,176.637956458,175.98013512117,178.52114563608,178.71272772794,180.86390260147,182.51837487715,183.18221978682,183.35643669676,184.23932397612,185.025261655,189.37419953431,190.78442524357,193.90106671058,197.4030351204,202.46516417407,203.89883618644,206.2964378558,211.15528544512,215.07117127385,216.27257585449,215.39682549817,215.2315694154,216.70382603867,214.93656296503,217.96200264205,220.19457166445,221.40081700248,222.75289138122,223.08402306289,224.22301235865,225.83518677754,228.66388870589,231.03862050674,229.408229807,227.45355965926,223.39368993227,219.30413251806,214.75474594894,211.74929686761,209.58938458301,208.36897952844,206.02397751628,203.09026705436,199.80615232665,197.34599727079,194.15796436131,191.65630596393,188.40110745447,184.65730445411,183.97576271483,182.15984669709,179.86857551497,177.86621737812,175.22618089487,171.92807723732,170.4701676905,168.15918688804,166.67706185232,165.05635580374,163.38810944141,160.17002674718,160.43303341356,170.33672026444,173.31749123831,176.15582362679,179.43799738759,173.3950227033,171.26684784303,168.33500719189,164.46979738364,160.32096019766,156.25470329834,152.2244962641,147.18190182866,142.41842980762,140.38883200599,136.13328268343,134.01797754034,133.14036155357,131.88951450077,130.38183393648,130.39393336128,130.0281838811,129.23759082592,128.13669458738,128.5696094296
Q,Quarterly,CO,Colombia,P,Private non-financial sector,A,All sectors,A,Credit-to-GDP ratios (actual data),,,,Q:CO:P:A:A,,,,,,,,,,,,,,,,,,,,,,,,,,,,,,,,,,,,,,,,,,,,,,,,,,,,,,,,,,,,,,,,,,,,,,,,,,,,,,,,,,,,,,,,,,,,,,,,,,,,,,,,,,,,,,,,,,,,,,,,,,,,,,,,,,,,,,,,,,,,,,,,,,,,,,,,,,,,,,,,,,,,,,,,,,,,,,,,,,,,,,,,,,,,,,,,,,,,,47.5565215183,49.190310580906,50.600376349753,52.715001687501,54.194376008214,53.933569800785,54.181995280803,55.468124168041,54.384881374618,54.704829872587,55.47639404687,55.079799925628,53.917553439973,50.882482142553,49.353404755909,48.103108325709,46.853681227252,46.251381302443,46.291686410404,46.108825970788,46.014540559927,45.73278374041,47.548976880028,47.873796971646,48.183680290882,46.622734869299,45.650132615023,44.806677345938,44.007262846757,42.860165768976,42.268177746357,41.444033816575,40.499996750736,39.841818595899,39.633035547403,39.231603166719,39.649136992316,39.405038787882,40.778425028687,41.073689904947,41.74568924854,41.724453650274,42.362527613336,43.106383281174,43.447898147162,42.843610888166,43.025250032371,43.189462809119,43.590896401228,43.765650854788,44.714427487771,44.644466501772,45.219245814177,44.897980186126,45.66290976866,47.102485544338,48.87305811859,48.972551022501,49.506963823178,49.957965708318,50.29599554507,49.341393344705,49.445251255356,49.618112302979,50.650453707687,51.338119692308,52.988452690318,53.758443735591,54.608254106958,55.407975244702,57.527049048508,58.501269383913,60.508428908382,62.013386690936,64.32247094279,66.400836517138,67.972081243507,66.921764260634,66.102253559049,65.353314543238,64.121962560139,63.389162087439,63.480445704776,62.680455269304,62.293974497839,61.935379611761,61.837015704802,61.245728055361,61.973875103108,61.226845543388,61.238371338968,61.407956417229,60.642529893365,63.331921807206,67.510538368015,68.951211865978,69.926900819353,69.724205111974,67.185816253922,65.410775259611,64.210874494606,63.162771017787,62.276310150244,61.074293128628,60.741598364749,59.127934472413,58.680472718073,58.319467492807,57.442048122876,56.973502545301,56.509204465449,55.403535459784,54.637521143427,53.954368616177,53.991252189381,53.606422062883,54.367900472805,54.909723375225
Q,Quarterly,HK,Hong Kong SAR,P,Private non-financial sector,A,All sectors,B,Credit-to-GDP trend (HP filter),,,,Q:HK:P:A:B,,,,,,,,,,,,,,,,,,,,,,,,,,,,,,,,,,,,,,,,,,,,,,,,,,,,,,,,,,,,,,,,,,,,,,,,,,,,,,,,,,,,,,,,,,,,,,,,,,,,,,,,,,,,,,,,,,,,,,,,,,,,,,,,,,,,,,,,,,,,,,,,,,,,,,,,,,,,,,,,,,,,,144.7176,145.8619,146.938,148.3598,149.9021,151.2715,152.8211,154.2949,156.2091,157.6787,158.1951,158.6548,159.0149,159.1574,159.3373,159.3743,159.0266,158.9811,158.8004,158.7306,158.5664,158.5342,158.5941,158.5864,158.439,158.4436,158.7487,159.0549,159.5585,160.1354,160.963,161.7594,162.5752,163.675,165.071,166.6738,167.8495,168.8407,169.8437,170.9076,171.8067,172.5611,173.1129,173.5558,173.811,173.9183,173.8285,174.0144,174.0059,174.0546,173.9949,173.9494,173.8278,173.7714,173.6564,173.517,173.3081,173.0812,173.1358,173.219,173.4005,173.6857,173.7332,173.761,173.9382,174.1963,174.711,175.0137,175.336,175.5715,175.9259,176.2539,176.6284,177.1107,178.0892,179.3571,180.211,181.2233,182.4892,183.7998,184.7239,185.3182,186.3396,187.4978,188.4135,189.5995,191.3615,193.7638,196.1137,199.0355,202.1691,205.3067,207.9371,210.5431,213.0786,215.5349,217.8467,220.4854,223.825,227.2815,230.5405,234.4387,238.7088,243.0868,246.8141,250.8982,254.8041,258.1947,262.0569,265.6738,269.4161,273.0538,276.7901,280.9388,285.6917,290.4729,295.5161,300.6919,305.4327,309.2946,313.1154,316.7881,320.604,324.4976,328.3789,333.0938,337.8748,343.5175,348.4662,353.4513,358.6586,362.7758,366.0211,369.7801,373.4838,376.4799,379.2548,382.0192,384.5191,386.3669,387.9808,389.2028,389.297,389.0457,388.2978,387.6871,387.2813,386.6681,385.7899,385.4183
Q,Quarterly,HK,Hong Kong SAR,P,Private non-financial sector,A,All sectors,C,Credit-to-GDP gaps (actual-trend),,,,Q:HK:P:A:C,,,,,,,,,,,,,,,,,,,,,,,,,,,,,,,,,,,,,,,,,,,,,,,,,,,,,,,,,,,,,,,,,,,,,,,,,,,,,,,,,,,,,,,,,,,,,,,,,,,,,,,,,,,,,,,,,,,,,,,,,,,,,,,,,,,,,,,,,,,,,,,,,,,,,,,,,,,,,,,,,,,,,-6.4085,2.6202,1.904,5.3861,6.5548,4.6231,6.5028,5.5669,10.4363,5.1806,-6.0245,-6.6037,-7.7033,-10.2518,-9.6217,-11.2769,-16.0358,-11.8305,-13.4201,-11.7065,-12.7858,-10.7508,-9.2795,-10.065,-11.8677,-9.4659,-4.9265,-4.8164,-1.8044,-0.6747,3.1122,2.5771,2.8229,7.1406,11.5913,14.5785,7.5453,4.4608,4.5499,5.4244,2.6503,0.2475,-3.0511,-4.757,-7.7222,-9.9748,-12.9898,-8.1057,-11.1408,-9.9112,-11.4786,-10.9531,-11.9563,-10.5529,-11.2729,-11.3943,-12.2789,-12.2651,-7.1507,-6.4763,-4.6278,-2.7309,-6.7245,-6.8819,-4.1363,-2.6345,1.8411,-1.8511,-1.463,-2.9178,-0.7895,-1.2224,-0.3884,1.4797,9.9921,14.7062,7.1562,9.6896,13.7941,14.1826,7.1145,1.2227,8.5613,10.6852,6.1969,10.6916,20.3372,30.8264,29.0547,38.1152,40.7036,39.6272,29.7545,28.4947,26.4765,24.363,21.1831,26.2332,37.5997,38.5626,34.0668,44.1486,49.3305,49.8056,37.1662,42.282,38.0166,28.046,35.4029,30.1703,31.4888,28.7948,29.6901,35.977,45.4042,44.6167,47.8876,48.8325,39.9453,23.6398,22.2639,19.0812,21.0183,21.7696,20.9469,34.7584,34.9246,48.8323,35.4696,35.1007,37.9533,18.0526,2.478,11.2866,10.0118,-2.4957,-6.2476,-6.2537,-10.6491,-21.6193,-25.0529,-31.1221,-49.7395,-54.3128,-61.3681,-57.2737,-52.1211,-54.2427,-57.2981,-46.9337
Q,Quarterly,IT,Italy,P,Private non-financial sector,A,All sectors,B,Credit-to-GDP trend (HP filter),,,,Q:IT:P:A:B,,,,,,,,,,,,,,,,,,,,,,,,,,,,,,,,,,,,,,,,,,,,,,,,,,,,,,,,,,,,,,,,,,,,,,,,,,,,,,,,,,,,,,,,,,,,,79.9326,80.2827,80.7039,81.2051,81.7602,82.3489,82.9738,83.6389,84.3251,85.0375,85.6547,86.1013,86.3883,86.5526,86.601,86.5359,86.3846,86.2173,86.0753,85.9728,85.8799,85.751,85.3612,84.8841,84.352,83.7432,83.0431,82.3129,81.6504,80.7518,79.7105,78.6831,77.7874,76.8067,75.7497,74.6729,73.7487,72.7254,71.746,70.6639,69.8348,69.0072,68.1715,67.3071,66.5877,65.7386,64.8442,63.9694,63.2511,62.4724,61.6501,60.7921,60.1082,59.4347,58.8212,58.2859,57.9301,57.5465,57.1178,56.6297,56.361,55.8961,55.4591,55.0251,54.8349,54.5932,54.4022,54.0983,54.0359,53.861,53.7918,53.6749,53.7932,53.8606,54.0338,54.1165,54.4555,54.66,54.9111,55.0554,55.5537,55.8595,56.289,56.6629,57.2685,57.8059,58.4091,58.9981,59.7717,60.4938,61.2049,61.8212,62.5446,63.0604,63.549,63.9054,64.3782,64.7661,65.1667,65.4738,65.8041,66.0474,66.2753,66.4355,66.6393,66.7767,66.9323,67.0223,67.1709,67.2797,67.4022,67.4703,67.6228,67.7401,68.0362,68.361,68.8356,69.2648,69.7178,70.1854,70.7897,71.4034,72.0442,72.668,73.373,74.0543,74.7706,75.4487,76.1864,76.9032,77.6712,78.4013,79.2259,80.0042,80.857,81.6892,82.6042,83.5347,84.51,85.478,86.5366,87.6112,88.7417,89.8654,91.08,92.2908,93.5939,94.8936,96.3454,97.9355,99.4871,100.9819,102.3941,103.9324,105.6197,107.2613,108.8812,110.4464,111.9667,113.4325,114.8322,116.1598,117.4401,118.6302,119.7239,120.7984,121.8506,122.8517,123.8479,124.7591,125.602,126.3728,127.0568,127.6801,128.2599,128.7839,129.1986,129.5781,129.8809,130.1029,130.1772,130.1613,130.1379,130.043,129.8206,129.571,129.2537,128.8412,128.4309,127.9633,127.5058,127.0183,126.51,125.9606,125.4169,124.8836,124.3297,123.8715,123.7353,123.7618,123.8942,124.0027,123.8561,123.5717,123.2655,122.8158,122.2697,121.6528,120.9757,120.1641,119.2716,118.2443,117.22,116.1431,115.0476,113.9178,112.844,111.7879,110.7748,109.7508,108.7669,107.811
Q,Quarterly,ZA,South Africa,P,Private non-financial sector,A,All sectors,B,Credit-to-GDP trend (HP filter),,,,Q:ZA:P:A:B,,,,,,,,,,,,,,,,,,,,,,,,,,,,,,,,,,,,,,,,,,,,,,,,,,,,,,,,,,,,,,,,,,,,,,,,,,,,,,,,,,,,,,,,,,,,,,,,,,,,,,,,,,,,,,57.7928,57.769,57.7377,57.6371,57.5141,57.3151,57.112,56.9632,56.7402,56.5302,56.2884,55.9441,55.5974,55.3702,55.1512,54.9056,54.5965,54.2803,54.0154,53.6956,53.2784,52.7981,52.3301,51.9483,51.8357,51.8299,51.8734,51.9358,52.0699,52.2327,52.451,52.6838,52.9077,53.0465,53.2617,53.4275,53.6851,54.0187,54.336,54.7075,55.0347,55.3663,55.8789,56.3321,56.6188,56.8397,56.8296,56.7914,56.6218,56.378,56.1551,55.9724,55.8819,55.7578,55.7055,55.6594,55.6366,55.5858,55.5312,55.4917,55.3951,55.2939,55.1719,55.1114,55.1189,55.094,55.0853,55.0302,54.9161,54.7801,54.6567,54.5509,54.4171,54.2231,54.0449,53.8579,53.6754,53.4767,53.3474,53.2555,53.1773,53.1027,53.0757,53.0968,53.1802,53.2629,53.3795,53.5145,53.6506,53.8015,53.9939,54.2263,54.5607,54.9722,55.3687,55.8327,56.2979,56.7322,57.0995,57.4285,57.6389,57.8021,58.0155,58.2018,58.3577,58.4662,58.6559,59.0109,59.1954,59.3133,59.3815,59.339,59.4907,59.6023,59.7436,59.9236,59.9762,59.9557,60.0054,60.1561,60.335,60.6031,60.9354,61.3426,61.8873,62.486,63.2679,64.1121,64.963,65.862,66.8284,67.775,68.8267,69.8009,70.7129,71.5523,72.3541,72.9973,73.5706,74.137,74.638,75.079,75.5078,75.8201,76.0697,76.2625,76.3825,76.4832,76.6271,76.7444,76.9084,77.0974,77.3063,77.5193,77.7057,77.8809,78.0823,78.2616,78.4398,78.5472,78.6961,78.8151,78.9387,79.142,79.3735,79.488,79.5789,79.6264,79.6939,79.6814,79.68,79.6279,79.5963,79.5319,79.4728,79.3606,79.3577,79.2841,79.2564,79.1551,79.1777,79.2347,79.2073,79.1435,79.0684,78.7122,78.3393,77.8749,77.4228,76.9806,76.5896,76.2235,75.8919,75.5017,75.1363,74.7223,74.3904,73.9893,73.6353,73.2421,72.8722,72.5155,72.1718,71.8146,71.4971
Q,Quarterly,IT,Italy,P,Private non-financial sector,A,All sectors,C,Credit-to-GDP gaps (actual-trend),,,,Q:IT:P:A:C,,,,,,,,,,,,,,,,,,,,,,,,,,,,,,,,,,,,,,,,,,,,,,,,,,,,,,,,,,,,,,,,,,,,,,,,,,,,,,,,,,,,,,,,,,,,,-2.4606,-2.1541,-1.4144,-0.5812,-0.0127,0.3434,0.7306,1.1627,1.3826,1.6616,0.524,-1.5094,-3.4132,-4.866,-6.2325,-7.5709,-8.5535,-8.6213,-8.1424,-7.4751,-7.2166,-7.586,-11.0772,-12.1074,-12.6689,-13.5362,-14.6095,-14.7742,-13.4882,-16.7502,-18.5662,-17.9837,-15.6022,-16.5911,-17.4292,-17.3688,-14.597,-15.8467,-14.8,-16.1152,-11.679,-11.3899,-11.2575,-11.4654,-8.8172,-10.7417,-11.2341,-10.6352,-7.7733,-8.5888,-9.1059,-9.4749,-6.3098,-5.9717,-4.8055,-3.3578,-0.2271,-0.6944,-1.4412,-2.4173,1.3914,-1.9966,-1.4673,-1.3775,2.8399,1.878,2.6996,0.6844,4.8192,2.7497,4.4961,3.5484,7.5029,6.4186,8.065,6.2802,10.5252,7.9124,8.4965,6.4172,12.3467,8.6793,10.57,9.3157,13.0561,11.5109,12.3249,11.7335,14.5916,13.2927,12.729,10.7356,12.2817,8.3503,7.6462,5.149,7.0134,5.3499,5.4189,3.6504,3.95,2.3355,2.0024,0.7782,1.5105,0.3194,0.6248,-0.5254,0.5015,-0.1992,0.0413,-0.8988,0.5857,-0.0411,3.051,3.4597,5.949,4.9993,5.2687,5.3738,7.5844,7.533,7.7908,7.2766,8.4747,7.8282,8.2132,7.3206,8.1464,7.556,8.2287,7.3413,8.7699,7.7226,8.7931,8.1881,9.3907,9.3945,9.905,9.5007,10.7992,10.7727,11.4345,10.9969,12.258,11.85,13.11,12.6836,14.9561,16.9263,15.7847,14.3598,12.5298,14.3554,16.5287,15.2731,14.4691,13.1165,11.9731,10.6938,9.2512,7.7442,6.7095,4.9606,3.1563,2.736,2.2713,1.3262,1.2035,-0.2995,-1.4717,-2.6763,-4.1014,-5.0351,-5.6465,-6.4523,-8.1593,-8.5391,-9.6254,-10.7511,-13.0013,-14.1958,-13.9269,-14.7704,-16.5586,-16.5658,-17.2686,-18.4291,-17.8729,-18.361,-17.6693,-17.6919,-17.5548,-17.7719,-17.1731,-16.5113,-16.4016,-14.2882,-8.3194,-5.2721,-3.2954,-3.6142,-7.9227,-10.0826,-10.1749,-12.3711,-13.6883,-14.5289,-15.1597,-17.0583,-17.9788,-19.8023,-19.1935,-19.5634,-19.3357,-19.3849,-17.8727,-17.0632,-15.84,-15.5838,-14.451,-13.5622
Q,Quarterly,XM,Euro area,P,Private non-financial sector,A,All sectors,A,Credit-to-GDP ratios (actual data),,,,Q:XM:P:A:A,,,,,,,,,,,,,,,,,,,,,,,,,,,,,,,,,,,,,,,,,,,,,,,,,,,,,,,,,,,,,,,,,,,,,,,,,,,,,,,,,,,,,,,,,,,,,,,,,,,,,,,,,,,,,,,,,,,,,,,,,,,,,,,,,,,,,,,,,,,,,,,,,,,,,,,,,,,,,,,,,,,,,,,,,,,,,,,,,,,,,,,,,,,,,,,,,,,,,,,,,,,,,,112.5220387446,114.63168002836,115.79385051335,118.50747120106,118.77721914215,119.91729757486,121.88607875152,124.64901376296,124.35446638544,125.34558532373,126.19666324266,128.40740040339,129.09491835535,129.80881202195,129.90549163141,131.16504536042,131.08528343145,132.36487035069,132.76415975914,133.73016917795,133.7417264962,134.59962151329,134.90522762205,136.63992272498,137.14833435831,139.8008202075,140.4038907051,141.63821154965,144.16140266182,145.84675784459,145.23785303118,146.04119755139,146.58406898791,148.62618919307,148.86679167263,152.4333430615,153.36380775001,155.69305047448,157.33179727185,157.38649660659,161.00738313108,163.12893952668,164.56087163484,168.9200145254,169.2579712664,170.1192379004,169.05223877487,168.89088920759,167.54968746281,167.9759506341,168.18522849755,169.60707574069,170.32199934996,171.38041019253,171.44545804637,170.79288560121,170.281885061,169.89074433822,169.40857345444,168.0324201375,167.65167475359,167.90010039841,167.53058401643,168.70282544948,172.78058384961,171.56259551528,170.68579477209,169.40894094958,169.46479483267,170.36591153973,170.12699714526,169.67854768796,170.63366990777,169.21742275448,168.09636913696,167.74262403642,167.22283892214,167.90120693236,167.60402310732,166.66675063243,166.87621247633,167.32774472998,167.36710229219,166.34989287515,168.8032957599,177.37533490428,180.12919333046,182.4206561021,184.10682066161,179.23216700404,177.00074682479,174.99100079205,173.11913190804,171.40127729329,170.68048741495,167.67640965635,164.56632798787,162.42306042622,160.60506933316,159.25544973362,157.44289116593,157.06091302019,156.17100903203,155.76801011363,155.26763441496,154.46708428867,153.71785353575,153.34079193548,153.4948562582
Q,Quarterly,GR,Greece,P,Private non-financial sector,A,All sectors,A,Credit-to-GDP ratios (actual data),,,,Q:GR:P:A:A,,,,,,,,,,,,,,,,,,,,,,,,,,,,,,,,,,,,,,,,,,,,,,,,,,,,,,,,,,,,,,,,,,,,,,,,,,,,,,,,,,,,,,,,,,,,,35.456527629925,35.961748701262,37.544429930839,38.188823954023,39.144570152091,39.463777191429,40.705044240944,41.213293562851,42.541024776378,41.499641061569,41.018675424475,39.69197614541,39.25832528619,38.445008675495,39.030903294768,39.65125336191,40.819329895565,40.916679747443,41.807637057811,42.216094883738,42.661335556204,42.154374294934,42.947620260051,43.105413497176,43.683721947282,43.879936352293,45.173833711769,45.54855109478,46.761823449075,47.104283492115,47.498056960852,46.539900001353,47.184368149218,46.413947663333,46.246105114956,45.344935218851,45.131990259024,45.169121344191,44.647491522924,44.349004023352,45.930432208745,46.084329489732,46.870269726568,47.907783033929,49.501336934087,47.925666099362,47.184154826037,47.497843299636,49.372184529137,47.716411422391,47.492061044698,46.790851334865,49.477875608501,47.386228461808,47.092755464732,46.455925848763,48.785626389207,48.129016996204,48.11860420314,47.420484108516,47.927237579247,47.221738033295,46.785994329368,45.287657285015,45.672910028313,45.189656824762,44.663206807046,44.019232903793,44.549508039834,43.658381359056,43.251469234433,41.826077843931,41.979556085554,41.742067894638,41.858473108147,40.9928981599,43.038206070101,43.231882024808,42.920549274897,41.396563362103,40.406223846619,39.846252712812,39.27286608604,37.579747699875,37.724459558994,36.315697590227,37.966475422446,37.785018556515,37.500342637323,36.904498569268,37.703700593357,37.316611562886,35.7370049837,34.818030044302,35.914891121449,34.913686664053,36.318529882031,35.318676425762,35.55208767133,35.738934734395,36.512260985551,36.774740242601,37.368444281691,37.606017819929,37.428017299743,38.030436759,39.386452627067,39.443773275705,39.688896814396,42.012353400132,42.340027333332,42.062594525823,43.203723964213,45.150961886444,45.06356922801,45.939702671631,46.877718742232,48.771114528511,51.399869639214,53.955295898892,56.006570497892,58.049904248793,59.886464011487,61.030790400164,63.027546481895,63.320422181359,64.87507020907,65.317679345555,66.746314401335,67.060263985781,67.61512250586,69.506456212375,70.893056951909,71.049079215409,73.265738145693,74.078492984476,76.081988397699,78.598647666218,81.616238495402,83.822756796165,88.265462504877,87.984586862736,90.059203818138,92.18725965925,94.822099775203,95.124600741464,97.604599393525,99.918305162116,103.67478621857,107.17681749118,110.62445512624,113.69465129828,115.38653753173,116.28661647138,116.07550391648,118.05525423685,118.72190070292,118.86366628697,124.83420598607,125.38729975844,129.62907719359,131.55829716441,133.9394540293,135.83005529629,132.71752609254,133.34116092351,136.30670099244,136.19776406687,136.83908721817,136.72228763263,136.48644775224,135.99272939834,134.75950479744,134.67187528234,135.42797517312,134.7604267536,133.56410922952,133.12447625926,131.86658853548,130.68441696355,130.2754248891,130.0307389246,129.17955852208,127.40330370783,127.49285762143,126.1870758996,124.37553896638,122.09258083536,120.84963736229,120.01475725191,118.96365449563,118.73111191597,119.11046772797,114.52691161976,112.40603949911,110.47881695165,110.31390610719,111.39693134771,115.49067792719,121.06407384007,123.71826221151,126.74287236012,128.30125823485,124.3356108571,121.01817970168,117.28790145409,114.55229257503,110.88498055878,100.56679098165,97.780080613494,95.997109625199,94.564962482953,94.670796793645,93.155037503676,92.849933455741,91.926441305878,95.196243768964,96.069673086515,96.320381570902,95.920530514628,97.352230966894,96.704410593973
Q,Quarterly,NL,Netherlands,P,Private non-financial sector,A,All sectors,C,Credit-to-GDP gaps (actual-trend),,,,Q:NL:P:A:C,,,,,,,,,,,,,,,,,,,,,,,,,,,,,,,,,,,,,,,,,,,,,,,,,,,,,,,,,,,,,,,,,,,,,,,,,,,,,,,,,,,,,,,,,,,,,,-1.4526,-2.1251,-2.0054,-1.2928,-1.9912,-0.6058,-0.6468,-0.4509,0.5824,1.8314,4.6094,5.462,5.1195,5.922,6.3461,6.1399,4.8943,4.0733,3.4731,3.4707,2.5994,4.4547,4.7542,4.5945,4.8412,6.4402,7.1836,10.5639,11.9247,14.247,15.2369,17.9428,18.8734,19.2668,18.5974,20.512,18.1431,17.1968,15.9466,16.3474,14.1927,13.541,11.11,9.7545,8.0593,4.9365,4.1384,2.3193,2.9645,0.6222,-1.1211,-1.1616,-1.8264,-3.7055,-5.6184,-5.2004,-6.0222,-7.3931,-8.9302,-9.3357,-8.7714,-8.3282,-9.1484,-5.1894,-3.4365,-0.1764,-3.7756,-2.1256,-1.0569,1.7885,0.7963,5.1683,6.6077,7.5447,4.3093,2.9489,4.1351,5.6399,5.5968,5.177,6.0551,2.8135,1.0851,2.0902,2.4263,2.2838,3.2616,3.4349,4.4046,1.737,-0.6326,0.7459,2.8922,2.5682,1.0931,0.7871,-0.8501,-0.4777,-4.0573,-5.8778,-3.5869,-2.677,-2.7226,-2.1218,3.7317,6.4253,7.3675,-2.8302,1.7753,1.2911,3.5788,3.4254,7.263,7.4147,9.0052,9.3837,7.9069,7.5673,7.7495,8.2279,2.0599,0.4783,-1.8925,-1.1893,-3.141,-6.1753,-4.5863,-5.9953,-6.4118,-5.1634,-3.4515,6.0348,3.6671,1.3318,0.1592,0.7259,-0.5758,3.6861,3.4069,-0.238,-2.8245,-5.8932,-5.7929,-9.5547,-8.6617,-10.7537,-11.0079,-13.4413,-11.2039,-9.8903,-11.9625,-12.9706,-9.185,-5.1923,-2.1589,-3.6007,2.2012,6.1029,6.369,7.4097,7.5181,10.6419,10.7267,13.9334,14.7522,16.8208,16.2955,14.1313,13.0962,12.497,11.3092,8.9709,7.0034,6.9286,5.8072,9.95,13.606,9.7169,5.1355,1.5334,-0.607,-2.619,2.3365,-2.1534,-2.2354,-5.5061,-6.8035,-11.4829,-12.6971,-17.5043,-20.6423,-23.4142,-26.513,-30.167,-32.8001,-36.6768,-33.4986,-26.049,-23.6778,-25.5368,-12.7288,-20.7662,-27.2624,-32.6883,-37.1616,-40.2398,-40.0382,-46.8044,-54.6022,-55.0286,-53.1505,-52.8589,-54.6635,-54.6485,-53.9064,-53.678,-53.5613,-53.5851,-52.0215,-49.8609,-47.2401
Q,Quarterly,ID,Indonesia,P,Private non-financial sector,A,All sectors,A,Credit-to-GDP ratios (actual data),,,,Q:ID:P:A:A,,,,,,,,,,,,,,,,,,,,,,,,,,,,,,,,,,,,,,,,,,,,,,,,,,,,,,,,,,,,,,,,,,,,,,,,,,,,,,,,,,,,,,,,,,,,,,,,,,,,,,,,,,,,,,,,,,26.181005442223,26.378744754022,26.27325917535,26.064386952361,25.734129835222,25.20744097032,24.642580117928,23.811389790233,23.686725848255,24.143214299676,24.222268647654,26.904913954404,26.064536271469,24.939835569792,24.087763076539,21.929965398747,19.958814566068,19.48204768983,19.277475100035,19.32560015894,19.164545533819,19.88523896818,21.180272803357,22.295978574405,23.192528012136,27.571452473925,26.831210991267,26.89246621077,26.535930853976,25.170413429049,25.052819180296,24.906167657272,25.074996355977,25.392519572184,26.158036364769,26.506604351565,26.651481681307,27.233713830953,28.383484653725,29.403817737022,29.780012708848,31.42894423962,37.385969741239,37.162997530103,37.993647855859,37.819444513144,36.730272309817,37.013265975577,38.381876987353,39.071144391581,40.172688282227,41.79806739667,41.680392329126,43.229914406964,45.161505552705,46.729099651847,48.459797144291,53.775378894489,56.804691264929,59.321032451023,58.5379033733,58.362867621277,56.619435088065,58.787537314732,58.273107685205,58.759166388631,59.627764120626,58.394153609534,55.675241597905,56.374192402723,56.090588059604,55.169654572141,56.660569533452,57.278223481991,58.160388630462,59.498290334299,59.299689176154,59.634798382942,60.99779624253,62.127508541689,62.447450058354,65.039835808696,66.065504920038,67.105943487164,67.597633817236,69.890031826166,78.272760346624,83.520160627177,104.98457360582,137.78399698129,98.190926935598,74.604840624572,59.38224932219,38.476002815721,42.369059000216,34.523179773718,32.705442203226,33.712597520506,32.143542295846,31.8161258833,32.092690037446,32.267714627052,28.533006759985,28.015325549466,26.09027085189,25.042591150766,25.68718874234,26.203496520779,25.825348515631,24.896346052986,25.39174540109,26.260803563252,25.519631402146,28.307575790172,28.200398924111,28.916876107995,29.260708955401,30.144327529688,30.777642722491,29.054113317067,26.708887026396,26.91244992177,26.600294128403,27.099524958639,26.288100968906,25.296664826905,26.009890980698,27.994852003615,27.774111197467,28.681654551464,29.126557620518,29.198885774127,28.058736818873,27.180191451962,26.927269460167,27.441281658367,25.806363715158,27.392731954174,27.424926101222,28.708577026146,28.189986467966,29.461783934971,30.999464263576,32.086655487136,32.969354665693,34.606343356665,35.300953619637,36.825231209827,36.659395006812,38.442337881883,40.297104573712,41.247932459445,39.950860823729,41.06280115787,41.509950010743,42.125675832898,41.626454713146,42.48740124007,42.921153359652,43.242642198349,42.236358676425,42.583361345524,42.308781307537,43.077335522388,41.887852876266,42.065394288487,41.462058679119,41.955336221364,41.416625312938,42.402523622627,42.931318967028,43.070228595054,42.680103264571,42.839268592397,42.901876571507,42.940157641669,44.688544724643,43.652021066375,44.863502925246,44.160604044311,44.498901902806,43.564559897065,42.403465912534,41.813281245773,41.183618883652,41.651065873889,40.449342115779,39.991735904131,38.583070992525,38.841115368526,39.460441187341,40.0363255246,40.125067579025,40.295085901907,39.134433018186,39.699311493579,39.655734451513,39.391421856978,39.783591343696,40.577662257887,39.803664989904
Q,Quarterly,NL,Netherlands,P,Private non-financial sector,A,All sectors,B,Credit-to-GDP trend (HP filter),,,,Q:NL:P:A:B,,,,,,,,,,,,,,,,,,,,,,,,,,,,,,,,,,,,,,,,,,,,,,,,,,,,,,,,,,,,,,,,,,,,,,,,,,,,,,,,,,,,,,,,,,,,,,78.5652,79.1023,79.6482,80.2612,80.8051,81.4769,82.144,82.8279,83.6031,84.488,85.6134,86.8166,87.9986,89.2526,90.5481,91.8355,93.0337,94.1752,95.2765,96.382,97.4276,98.6116,99.8229,101.0288,102.2579,103.6046,105.0107,106.6568,108.4086,110.3315,112.3389,114.5447,116.8352,119.1764,121.5004,123.9722,126.3213,128.6355,130.895,133.2017,135.3974,137.5728,139.6179,141.5957,143.4842,145.1946,146.8639,148.4294,150.0372,151.509,152.8775,154.2419,155.5651,156.774,157.8641,158.9704,160.0202,160.9801,161.8382,162.6588,163.4979,164.3493,165.1397,166.147,167.2483,168.5343,169.6104,170.7765,172.0015,173.3901,174.724,176.313,177.9939,179.7397,181.31,182.8084,184.3802,186.046,187.7184,189.3755,191.0918,192.6302,194.073,195.5758,197.1014,198.6228,200.2045,201.8015,203.4602,204.9716,206.3487,207.8046,209.3859,210.9532,212.4393,213.9094,215.2861,216.6829,217.8716,218.9484,220.1483,221.3949,222.6346,223.9046,225.5101,227.2775,229.11,230.3641,231.8802,233.3712,234.9967,236.6192,238.4694,240.3402,242.3152,244.3267,246.268,248.2025,250.1599,252.1576,253.8116,255.3774,256.8068,258.2738,259.6258,260.7972,262.0505,263.2148,264.3452,265.5374,266.8203,268.6467,270.3458,271.9157,273.4199,274.9572,276.4203,278.1291,279.8278,281.3211,282.6643,283.8254,284.9827,285.9129,286.8792,287.7104,288.5095,289.1498,289.8977,290.7034,291.3732,291.9651,292.755,293.761,294.934,296.0201,297.4361,299.0813,300.7518,302.4929,304.2524,306.2047,308.1793,310.3569,312.6044,314.9956,317.3838,319.6733,321.9259,324.1651,326.3559,328.4298,330.4045,332.3863,334.3144,336.4917,338.8966,341.0987,343.0516,344.8044,346.4359,347.95,349.7465,351.2871,352.8194,354.1589,355.4144,356.3881,357.2729,357.859,358.235,358.4172,358.382,358.0923,357.6012,356.8325,356.1881,355.9201,355.7469,355.4277,355.8078,355.7024,355.1873,354.314,353.1288,351.7051,350.2276,348.2936,345.8324,343.2577,340.7021,338.077,335.2616,332.3581,329.4087,326.3848,323.2804,320.0875,316.8979,313.7487,310.67
Q,Quarterly,AR,Argentina,P,Private non-financial sector,A,All sectors,A,Credit-to-GDP ratios (actual data),,,,Q:AR:P:A:A,,,,,,,,,,,,,,,,,,,,,,,,,,,,,,,,,,,,,,,,,,,,,,,,,,,,,,,,,,,,,,,,,,,,,,,,,,,,,,,,,,,,,,,,,,,,,,,,,,,,,,,,,,,,,,,,,,,,,,,,,,,,,,,,,,,,,,,,,,,,,,,,,,,,,31.295901901177,27.231039800259,42.739890455383,37.231330695766,33.924085527029,28.231134202271,28.021011390855,28.727863827921,31.839685325348,28.459813380042,27.84372744801,31.055144912718,39.068166613327,26.351446410129,26.861214955369,30.539208218166,33.320413755551,7.549671858077,19.725985178939,36.039910419987,73.262637622898,35.015831202439,26.418988977266,22.686584584683,18.835699568768,22.95179856747,21.317074976856,18.300622538283,17.680858522092,17.70673797244,18.9003332712,19.232997947047,19.788004440433,22.019051202964,21.693138168647,21.694339323647,23.249306946659,23.146793198027,24.328319633423,24.735693258209,24.98660269855,24.101274230347,24.761711028361,24.313036967433,25.526074099767,25.402369112215,25.821994748511,25.856454782563,26.451539076727,26.945919879559,27.938904450839,28.543792821489,29.589112631261,29.927346876637,30.379663756773,31.230051857651,31.984262464208,32.084284094925,32.506969662795,32.062271867055,32.063306019334,30.88037556609,30.299059521822,30.070774643228,29.386595785231,28.268586432139,29.348132110652,28.170837700188,39.382638488722,75.252217793955,84.532165184634,76.245849539784,63.157455630162,52.357774098685,46.864361588362,44.939136698497,43.037815287385,38.977727510486,38.221629288893,37.264287576676,35.116875042766,32.706299937884,31.567269580239,29.942532222177,29.262849049943,28.578362380726,27.982184477508,27.371187804027,26.902191037516,26.345361209253,25.826702754077,25.866995126432,25.134890672926,24.344901480367,23.164635864853,22.921513838226,23.18871825144,23.480559914872,23.739428111252,23.302799425507,22.726316988656,21.877618730142,21.434667211438,21.031635885298,21.079363924609,20.749374978019,20.759859132602,21.239514603811,21.069019181022,20.748753180928,20.914554046296,21.189088685736,22.02291098098,21.690004634834,21.754061363768,22.014685048047,22.763440746754,22.439848882023,20.840168956741,20.192925271691,19.657046414835,19.382437342466,19.729223342484,19.676297773519,21.451084335408,21.143077770369,20.555008227111,20.615606134168,20.766903546615,20.39484016009,21.287855243523,22.531059064189,24.901994766841,25.408102619873,28.758194671217,33.239375011476,28.990300703997,29.193307764197,26.75429964679,30.444518873749,28.310420904077,27.226276308271,28.863760440898,29.01620613956,29.904940530361,28.617798496567,25.886665685618,23.997100492507,22.941701875346,21.174431661923,22.339127780999,21.855691397189,21.965902163521,21.780092770573,22.61464744011,23.725608888991,34.506862398728,27.872697160312,24.544292473862,23.674413497035,23.055084199426,23.651903397827,25.321448843045,26.803734294971,28.570476720828,26.615882676146
Q,Quarterly,CZ,Czechia,P,Private non-financial sector,A,All sectors,B,Credit-to-GDP trend (HP filter),,,,Q:CZ:P:A:B,,,,,,,,,,,,,,,,,,,,,,,,,,,,,,,,,,,,,,,,,,,,,,,,,,,,,,,,,,,,,,,,,,,,,,,,,,,,,,,,,,,,,,,,,,,,,,,,,,,,,,,,,,,,,,,,,,,,,,,,,,,,,,,,,,,,,,,,,,,,,,,,,,,,,,,,,,,,,,,,,,,,,,,,,,,,,,,,,,,,,,,,,,,,,,,,,,,,,,,,,,,,,,,,,,,,,,,,,,,,,,65.6133,64.6745,63.6712,62.6973,61.9572,61.2017,60.4698,59.6819,58.9936,58.4371,57.9321,57.468,57.1839,56.9988,56.8245,56.7862,56.7952,56.8687,57.083,57.4025,57.7798,58.2573,58.8764,59.6401,60.3418,61.1131,61.9375,62.8498,63.7385,64.6701,65.5277,66.3344,67.1267,67.963,68.8202,69.712,70.5669,71.4849,72.4404,73.4867,74.5397,75.6462,76.7245,77.7679,78.7015,79.5943,80.4128,81.1871,81.8557,82.4128,82.9031,83.34,83.7032,84.0812,84.4861,84.8942,85.3113,85.6856,86.0314,86.3694,86.6971,87.0873,87.5128,87.9561,88.2945,88.5442,88.7209,88.7783,88.8341,88.9792,89.1784,89.35,89.6042,89.7683,89.9581,90.1656,90.3565,90.483,90.6635,90.7167,90.6449,90.4772,90.2689,90.0826,90.0629,90.0564,90.088,90.1118,90.0632,90.0404,89.9427,89.829,89.7827
Q,Quarterly,CZ,Czechia,P,Private non-financial sector,A,All sectors,C,Credit-to-GDP gaps (actual-trend),,,,Q:CZ:P:A:C,,,,,,,,,,,,,,,,,,,,,,,,,,,,,,,,,,,,,,,,,,,,,,,,,,,,,,,,,,,,,,,,,,,,,,,,,,,,,,,,,,,,,,,,,,,,,,,,,,,,,,,,,,,,,,,,,,,,,,,,,,,,,,,,,,,,,,,,,,,,,,,,,,,,,,,,,,,,,,,,,,,,,,,,,,,,,,,,,,,,,,,,,,,,,,,,,,,,,,,,,,,,,,,,,,,,,,,,,,,,,,-0.8849,-2.4311,-3.0343,-2.6906,-0.2224,-0.3832,-0.1218,-0.7371,0.3943,1.8989,2.4706,2.9178,5.0465,6.181,6.2171,7.84,8.3185,9.0223,10.7317,11.9586,12.5388,13.6949,15.4224,17.1788,15.986,16.6913,17.1493,18.1127,17.4153,17.7163,16.2518,15.1532,14.6243,15.0012,15.0121,15.2365,14.3269,15.0162,15.2815,16.3966,16.1349,16.6318,15.7902,14.8531,12.7038,11.7294,10.2217,9.2404,7.2566,5.217,3.9691,2.9736,1.6601,1.8665,2.2739,2.2697,2.3636,1.5736,1.0474,0.8878,0.6882,1.7366,2.2955,2.5377,0.6727,-0.8685,-2.0984,-4.0903,-4.0055,-2.3601,-1.3641,-1.8022,-0.3297,-1.8718,-1.3781,-1.035,-1.2917,-2.3677,-1.3688,-3.528,-5.5868,-7.0864,-7.5891,-6.9956,-3.9238,-3.5859,-2.8276,-2.8831,-4.0511,-3.4919,-4.6888,-4.8331,-3.5315
Q,Quarterly,SG,Singapore,P,Private non-financial sector,A,All sectors,C,Credit-to-GDP gaps (actual-trend),,,,Q:SG:P:A:C,,,,,,,,,,,,,,,,,,,,,,,,,,,,,,,,,,,,,,,,,,,,,,,,,,,,,,,,,,,,,,,,,,,,,,,,,,,,,,,,,,,,,,,,,,,,,,,,,,,,,,,,,,,,,,,,,,,,,,,,,,,,,,,,,,,,,7.7464,7.5737,9.486,12.3922,11.9667,9.6745,7.0321,9.5916,13.261,11.6219,12.6903,10.3799,14.7035,12.0209,9.572,7.2347,7.1121,3.9406,2.9437,0.8025,-2.8427,-1.2088,-3.3979,-5.1646,-11.0134,-15.2908,-14.8307,-15.055,-19.6641,-23.2986,-19.9348,-24.5446,-23.7276,-23.4722,-21.1222,-15.2201,-12.3807,-16.3727,-14.4804,-16.6233,-15.9855,-11.5478,-15.489,-14.7829,-14.1508,-15.7563,-11.6504,-11.8721,-12.3017,-12.4155,-11.138,-12.0044,-11.4841,-12.0572,-11.4381,-9.5353,-11.3548,-5.5863,1.2454,2.119,6.2603,6.2587,11.7745,12.1159,12.9153,14.4682,13.241,17.0835,15.6223,10.1038,9.0789,6.9228,9.0436,7.9777,7.2927,4.0301,2.9468,-2.1059,-1.0776,-2.9868,-3.957,-2.202,0.09,4.2348,12.174,10.2388,9.0586,8.0473,4.5429,1.1975,8.4552,6.8329,6.4549,-0.7544,-5.6837,-10.7654,-12.8227,-15.3152,-15.9455,-17.2933,-15.4679,-16.7582,-17.2773,-19.4082,-22.0697,-21.0841,-18.3881,-20.8131,-14.5766,-7.0051,-4.1891,-0.7114,2.4065,-0.1332,1.2086,1.8158,1.7658,-4.2163,-10.2196,-7.7575,-6.0085,1.156,5.3441,4.8227,6.0067,6.5404,7.0639,13.2016,17.2418,21.819,23.3614,24.5483,26.4403,26.1736,28.759,31.5547,27.9594,22.6435,23.7402,21.0386,23.1994,20.1489,19.844,17.8894,13.5012,8.9055,10.8039,6.6482,7.8406,3.6218,3.9028,0.9916,0.4166,0.3034,2.7576,2.2774,7.6288,8.3764,13.6418,16.0775,21.2384,11.95,6.9821,-5.3696,-14.1889,-26.9355,-40.8244,-45.2443,-44.6015,-45.9459,-33.5243,-32.6236,-29.9485,-32.4991,-31.4477,-37.9186,-36.5409,-31.7755,-30.6281,-26.687,-19.7626,-21.975
Q,Quarterly,SG,Singapore,P,Private non-financial sector,A,All sectors,B,Credit-to-GDP trend (HP filter),,,,Q:SG:P:A:B,,,,,,,,,,,,,,,,,,,,,,,,,,,,,,,,,,,,,,,,,,,,,,,,,,,,,,,,,,,,,,,,,,,,,,,,,,,,,,,,,,,,,,,,,,,,,,,,,,,,,,,,,,,,,,,,,,,,,,,,,,,,,,,,,,,,,109.5288,110.9166,112.5085,114.4008,116.2701,117.9403,119.3798,121.061,123.0813,124.9764,126.9784,128.8025,130.9981,132.9942,134.8093,136.4521,138.0946,139.5029,140.8407,142.0223,142.9364,143.9657,144.8361,145.5764,145.8988,145.9093,145.9318,145.9198,145.5768,144.9645,144.5451,143.7957,143.067,142.3231,141.6991,141.4239,141.3085,140.924,140.6356,140.1933,139.7673,139.5932,139.1602,138.7483,138.3538,137.8413,137.5545,137.2372,136.8767,136.4911,136.1635,135.7676,135.3846,134.9503,134.5343,134.2134,133.7705,133.6498,133.9219,134.2472,134.8185,135.3994,136.3126,137.2642,138.2815,139.4097,140.4893,141.8136,143.08,144.0505,144.9775,145.7939,146.7444,147.6477,148.524,149.2228,149.8653,150.2197,150.6302,150.9284,151.1656,151.498,151.9596,152.6614,153.8298,154.906,155.9305,156.9111,157.7019,158.3064,159.333,160.2795,161.2152,161.744,161.9863,161.925,161.7271,161.3641,160.9395,160.411,159.96,159.4091,158.8009,158.0411,157.0957,156.1714,155.3688,154.3959,153.7501,153.519,153.4395,153.5545,153.8488,154,154.2287,154.4946,154.7604,154.6829,154.251,153.9449,153.7275,153.9151,154.3469,154.7573,155.244,155.7714,156.3397,157.2747,158.4651,159.9484,161.5564,163.2712,165.1353,167.027,169.1109,171.4033,173.5389,175.4124,177.3862,179.2423,181.2576,183.1341,185.0257,186.8364,188.4224,189.7644,191.2307,192.4741,193.7973,194.8892,196.0033,196.9552,197.8755,198.7899,199.8468,200.8804,202.2273,203.6298,205.3506,207.2345,209.4431,211.1489,212.5867,213.3213,213.537,212.9921,211.6,209.8858,208.1352,206.2343,204.9773,203.7178,202.5601,201.2062,199.8602,198.0887,196.3353,194.7981,193.2756,191.9313,190.9442,189.797
Q,Quarterly,MY,Malaysia,P,Private non-financial sector,A,All sectors,A,Credit-to-GDP ratios (actual data),,,,Q:MY:P:A:A,,,,,,,,,,,,,,,,,,,,,,,,,,,,,,,,,,,,,,,,,,,,,,,,,,,,,,,,,,,,,,,,,,,13.314547994386,13.502578985053,13.304028362717,16.755514087661,16.034245138443,15.41073202428,14.936705065181,15.946813628285,15.530393825482,15.54859128109,15.681370299547,16.563907255883,16.616730981551,16.703005983703,16.809028947616,18.82399231792,19.291126721389,19.397671333584,19.567883763942,20.157041674125,19.501570669075,19.405687255357,22.097552449091,23.602168301123,23.970942665616,24.662422728985,25.21561232977,26.377670882375,26.397572386682,27.357449912159,27.093992992192,27.857291332285,27.640509710988,29.108949660029,29.13343734546,30.729036853944,31.234547870154,32.539356427726,35.484706974207,35.7925073406,36.361224745563,36.351288393848,35.187994055066,36.203880542283,35.968718538343,36.927047235577,39.325969009952,41.3841681785,42.407917335403,43.578043916237,43.04430012944,43.554694745679,43.312069621348,43.972690304217,43.936461052536,45.128280799636,45.365456517956,46.731584444437,48.934298845154,50.749694437867,52.881805020149,52.385158659635,53.538625984656,57.79927989009,61.17231392031,60.930103262287,63.337112738166,65.395346381008,67.404212275125,68.935017722596,71.799886368304,72.59325886753,74.183704606468,73.976594550259,77.840545145678,81.513925836979,81.728198345081,84.24372317397,87.80104634013,88.701689867008,90.987954751976,93.368394228567,93.61103826376,95.575891846526,97.495787619094,102.32055501608,108.65835010537,112.49184052005,114.50374149559,119.67020149871,120.61760688926,119.36821258761,118.27911686928,116.51768631942,115.44826768826,115.13893491756,115.54236563597,112.59925375639,112.99391446237,115.29288740339,115.2005191837,117.42016860162,120.4441689105,119.61119227298,121.96438786879,125.63685765038,131.29790658741,132.71605159201,133.98505244073,137.46712711508,136.78417630186,138.93519010303,136.64181853188,137.72734245668,136.74362385275,134.15655490808,133.01824127473,130.53535578525,135.69851010426,134.67768903048,133.14647220505,139.01388365356,139.98173715789,142.69415486166,145.72692662999,152.00637665157,160.77722942413,163.94388727295,168.67270741389,174.58328255482,183.99551635258,192.85087530949,201.21478654477,208.82944000328,209.69391705107,205.99946415362,204.13219697789,203.05045072227,207.91218446683,203.5390533845,199.29462611418,198.27269804592,189.37647691452,180.28051563452,176.49100041053,171.56596159572,168.89690282458,167.3627171791,169.45692025582,174.3092618446,177.64501790405,179.061469973,178.88414143104,176.34170227677,174.51530158642,170.51644463261,170.31290720409,169.28129547343,165.74639528639,167.32904612248,166.65678018718,163.10386784582,159.22588748061,155.09161045011,151.68982996251,152.21270044579,151.97484417396,147.59505013075,146.48984120931,144.55996892732,144.74727351346,143.00074846002,141.91442113816,144.70700871161,138.57792414527,133.08070583621,131.18360197001,133.82458189121,135.43228503421,139.71281248249,144.88260926072,152.46360264231,154.86312008412,151.37669096316,149.83251302324,148.32344553919,150.46233822356,148.98863270985,149.83886450198,151.06213450748,152.89662934292,148.87395713298,153.98880469767,154.61299669025,155.72057091115,157.49457205635,159.62651702529,159.76951528269,161.52480914937,160.84613493977,158.8705855098,157.54325170564,159.56377033422,161.60625345753,163.2558389918,164.84504343601,165.77146295923,162.78948708556,162.22197364892,163.94995586553,166.35614401567,164.75678237418,163.94829603272,162.11919073733,161.93860876716,162.780523169,164.91308018489,164.12055561308,164.0286236441,163.52101787648,165.06271444017,163.88191825541,164.15987292344,165.05686940674,175.49259511744,178.70637933783,181.75777878265,182.92606485114,175.97625086217,176.91801513803,174.6838888818,170.50211675479,164.39237129898,156.2833153261,154.13048729359,153.26414059948,155.66364027111,157.29089898768,158.96449063937,158.80878236637,157.55314107196,155.34771772965,156.84620421699,156.80662327415,157.83342126658,158.31125563192,158.43339911418,158.94807848599
Q,Quarterly,SE,Sweden,P,Private non-financial sector,A,All sectors,A,Credit-to-GDP ratios (actual data),,,,Q:SE:P:A:A,,,,,,,,,,,,,,,,,,,,,,,,,,,,,,,,,,,,,,,,,,,,,,,,,,,,,,106.67036693658,105.57418728146,105.15206946152,103.79180058726,103.9792043792,104.38782347015,105.15385628215,106.12214985068,108.71126335215,110.37397211946,110.8297551571,110.29618169907,112.35589164612,111.92710060564,111.78049796191,110.60998781967,111.06922913973,112.2130254932,111.16014300467,110.95206410324,112.4852508134,113.11080352182,112.66344013854,112.19482235935,112.33751525808,113.2352238005,113.85271489316,114.90880797321,117.29766593734,118.7348902998,120.10339355947,121.3286401802,123.01618657618,125.19055730979,123.36415818741,119.1583266369,118.97560407792,117.00743003107,113.74549795346,112.17591036523,110.81003981299,111.66099570521,110.76043830448,111.36288242199,112.45055725469,113.7147034526,113.72280253817,112.52115276976,112.89937685693,113.18708025945,113.03513758504,112.97505428173,114.06222144166,115.57508269289,113.73982262828,111.50256520265,109.94655848857,109.00015750403,106.12872100668,105.41670243234,104.78335939045,107.00376034002,106.93279701379,103.56548141219,103.66967544326,105.86123780356,105.75147471523,105.80460262532,105.97673693247,106.44550549668,105.36985412958,105.59483778752,105.68462070391,106.67940154726,106.11398103987,105.20507371269,104.80145075873,104.70241575728,103.08334720791,100.81036051922,101.06676001833,101.55676796317,102.13887625188,102.6934987317,103.66789583823,104.50763161652,105.17848629029,105.59155251536,105.56852839486,105.34508663862,104.98260856818,104.47600222507,104.5954196535,104.66261557014,104.81334744297,105.13194207323,105.46226095077,105.96855379484,106.5158959999,106.95667954363,109.45862360655,111.78564034874,114.02263171477,116.19559456961,118.64771126116,121.08547322558,123.43609425845,125.59327141781,128.96782233604,132.0317247985,134.84559116864,137.32097782398,140.62765144897,143.65566198706,146.46727494035,149.0357300572,150.84352573014,152.61929521718,154.42880860856,156.24297073039,153.16576718248,150.51543987865,148.43262477476,147.1071740172,148.04820570134,149.63574797333,151.61371009316,153.7681467569,154.62788250124,154.96094303275,154.90394764065,154.08336359296,151.95130086816,149.66685989618,147.10773903032,144.299531724,140.77417880527,137.29085668377,134.21901284211,131.62027371342,130.71318460933,128.76977890892,128.44763903536,130.14366293353,139.8573993687,139.36030432145,138.79796059937,136.36629373883,138.92537847191,138.78650918581,141.4496818225,141.14364916028,143.76257769926,143.36339197631,143.05100620207,146.76091929491,145.64089307509,145.92092930391,149.51166305023,153.58049836937,152.30455512937,154.42426106004,155.88283783897,160.94775451024,159.36486978441,159.03179933356,158.69968037035,160.62537238477,158.73518194313,160.16034221203,159.08853140392,157.90600586794,157.07501977521,157.84556029577,156.860622269,159.19748596388,159.53663370101,164.340367696,165.2102615973,167.76662246248,167.73577926912,169.73012518236,169.70545991082,171.75787477425,175.84815325146,180.94321071389,184.56785619019,190.37600521757,195.47896238364,202.47151790854,207.80418498561,218.58984194729,222.14191293624,226.43162502617,230.75322941088,233.47025651285,231.43675810874,229.7359128647,226.96505757042,221.65226220784,221.89758719633,222.34830708947,223.80416741453,225.0489625775,232.10562057112,231.08635594793,235.15939107319,228.21276758928,232.25097477673,234.70699251743,232.66396925437,232.08135586812,237.02001495307,235.25840227867,232.56115853672,233.9199868689,237.50266879972,234.84897045265,234.35817191631,237.87321899022,232.92034333772,234.43861861052,236.30355673655,237.23445291034,241.81837153271,241.52739609854,241.10189657821,243.79304865513,245.39138349712,244.95672301638,245.33576486187,242.50093320744,248.90499403604,249.8384945658,250.54516735506,250.36806459186,256.44502290512,261.2193787205,263.64991098235,264.69252683657,270.95531600827,267.0063873982,267.38301420597,273.23418739308,273.1971143114,271.26604825852,273.13895083827,275.6454300123,250.74581182487,252.12724198901,243.86999047127,239.11601492431,248.9307948069,248.62526378063,251.60223637293,247.85587251715,235.55167983226,235.78471835853,232.89988735354,228.82267654955,236.14816217306
Q,Quarterly,ES,Spain,P,Private non-financial sector,A,All sectors,C,Credit-to-GDP gaps (actual-trend),,,,Q:ES:P:A:C,,,,,,,,,,,,,,,,,,,,,,,,,,,,,,,,,,,,,,,,,,,,,,,,,,,,,,,,,,,,,,,,,,,,,,,,,,,,,,,,,,,,,,,,,,,,,,,,,,,,,,,,,,,,,,,,,,,,,,,,,,,,,,,,,,-7.4983,-6.7622,-5.9814,-4.1717,-3.6914,-2.361,-1.3572,1.3123,0.3613,0.7396,0.5697,1.6078,0.8533,0.4952,-0.9373,0.1071,-2.9487,-2.6869,-5.2919,-2.9973,-6.1061,-5.5721,-7.2294,-6.1108,-9.513,-9.3143,-10.7812,-9.1196,-10.7682,-9.7488,-10.5846,-8.1546,-9.2621,-7.9597,-6.8183,-2.8392,-3.1723,0.0827,-0.46,1.1426,0.9228,2.1566,2.3179,1.7672,2.4646,3.3979,2.9841,3.565,1.1623,1.8447,2.1744,3.7919,3.0031,3.9388,3.4188,3.887,1.5781,1.1246,-0.2409,-0.4732,-1.8645,-2.0284,-3.0876,-3.4048,-4.372,-3.4813,-4.0231,-2.8501,-2.2484,-0.9391,-0.0494,0.9064,1.6499,4.1804,4.2382,6.3354,9.7384,15.8724,16.2544,18.3651,21.3641,23.8714,26.4813,26.9361,25.9067,27.1992,28.6113,28.5797,28.6568,28.0023,26.3715,27.0386,26.1904,26.4734,26.0339,28.474,28.6093,30.8984,30.1779,31.9185,32.5765,35.4754,34.6771,37.1965,39.7471,41.3469,41.6325,44.3665,43.5754,47.2598,44.8985,42.7825,37.7965,37.0177,34.2965,32.2537,31.008,29.753,28.0378,25.9315,23.4007,22.811,17.9142,13.6872,8.5159,5.8512,2.0698,-1.003,-2.6958,-4.4936,-7.5755,-16.7924,-20.9455,-23.8845,-27.0088,-29.6723,-33.3424,-35.654,-38.407,-43.1656,-44.9524,-47.4578,-50.5533,-52.5276,-53.4728,-52.6937,-53.8559,-53.5925,-53.7498,-54.0679,-55.2744,-55.6474,-54.9203,-52.8107,-52.4028,-51.7078,-50.2722,-48.1157,-46.8702,-46.3156,-43.4007,-30.124,-26.273,-20.7469,-18.4254,-21.9654,-24.7275,-26.7886,-30.3439,-31.6503,-33.1827,-35.5162,-37.0869,-36.8134,-37.8587,-37.102,-35.1433,-33.0302,-32.0088,-31.7587,-30.1644,-27.4716,-27.4711,-26.6776,-24.2876
Q,Quarterly,ES,Spain,P,Private non-financial sector,A,All sectors,B,Credit-to-GDP trend (HP filter),,,,Q:ES:P:A:B,,,,,,,,,,,,,,,,,,,,,,,,,,,,,,,,,,,,,,,,,,,,,,,,,,,,,,,,,,,,,,,,,,,,,,,,,,,,,,,,,,,,,,,,,,,,,,,,,,,,,,,,,,,,,,,,,,,,,,,,,,,,,,,,,,94.0675,93.6319,93.2646,93.0666,92.9087,92.8711,92.9229,93.2148,93.4239,93.6664,93.8955,94.2126,94.4694,94.6981,94.8126,95.0084,94.9665,94.941,94.715,94.6536,94.3593,94.0961,93.7066,93.3874,92.8211,92.2565,91.5788,91.0005,90.2989,89.6516,88.9359,88.3663,87.7135,87.1328,86.6149,86.3423,86.0446,85.9482,85.8179,85.7869,85.744,85.7786,85.8261,85.8433,85.9055,86.028,86.1304,86.2721,86.2747,86.3199,86.3875,86.5548,86.6809,86.867,87.0283,87.2225,87.2864,87.3261,87.2873,87.2345,87.0995,86.9519,86.7392,86.5032,86.2054,85.9526,85.6627,85.4348,85.2373,85.1123,85.0375,85.0182,85.0435,85.2183,85.4031,85.7164,86.2373,87.1294,88.0693,89.1577,90.4497,91.9215,93.5831,95.3141,97.0291,98.8611,100.819,102.8217,104.8752,106.9375,108.9509,111.0458,113.1357,115.2845,117.4511,119.8013,122.2057,124.7892,127.3813,130.1234,132.9556,136.0086,139.0732,142.3402,145.8153,149.4479,153.1643,157.1068,161.0757,165.3289,169.5223,173.6663,177.5913,181.5327,185.3768,189.1585,192.9206,196.6604,200.3494,203.9621,207.4705,210.9828,214.2488,217.2992,220.0726,222.7056,225.1292,227.3784,229.5279,231.5691,233.4245,234.7342,235.7763,236.6142,237.2325,237.6527,237.8123,237.7839,237.5383,236.9548,236.1978,235.2227,233.9913,232.5635,230.9956,229.3859,227.6232,225.7882,223.857,221.82,219.6253,217.3191,214.9646,212.6428,210.2587,207.8296,205.3995,203.0125,200.6192,198.1819,195.8378,194.1913,192.7186,191.5229,190.4278,189.0979,187.5725,185.8876,183.9535,181.8945,179.6954,177.3073,174.7706,172.1894,169.4879,166.7686,164.1023,161.501,158.9052,156.2717,153.6789,151.1927,148.662,146.1324,143.6978
Q,Quarterly,IE,Ireland,P,Private non-financial sector,A,All sectors,C,Credit-to-GDP gaps (actual-trend),,,,Q:IE:P:A:C,,,,,,,,,,,,,,,,,,,,,,,,,,,,,,,,,,,,,,,,,,,,,,,,,,,,,,,,,,,,,,,,,,,,,,,,,,,,,,,,,,,,,,,,,,,,,,,,,,,,,,,,,,,,,,,,,,,,,,,,,,,,,,,,,,,,,,,6.3241,6.6304,6.7869,5.7582,3.8192,5.9654,0.5828,-0.4072,-0.2159,-0.5225,2.193,2.6318,1.9896,0.5458,0.3599,0.9159,0.2827,-3.6381,-0.1615,-1.4163,-3.018,-1.1232,-0.8439,-1.3245,0.7149,1.6456,0.7746,0.2883,0.9399,-0.1777,-2.0156,-5.3347,-4.955,-4.7377,-5.3167,-5.1776,-4.2133,-0.0527,1.1311,3.5688,5.2921,5.9913,5.8577,4.8991,4.9864,4.3488,8.4228,10.1644,7.6452,5.5397,8.5065,5.8887,4.7081,3.3046,5.0185,4.3133,4.3566,3.4107,5.0142,3.6623,3.4907,3.1398,3.1388,3.6987,8.4151,9.1628,9.6834,13.1566,13.2573,12.6378,14.4028,17.4441,23.3226,24.9865,29.3724,31.8953,24.9607,25.0503,21.435,19.4569,19.0775,16.1553,20.4898,18.7095,18.9968,16.027,11.6204,4.4865,6.1656,8.7106,14.917,14.4164,11.9701,15.4937,24.9019,21.7423,22.1156,29.169,32.2155,42.3506,50.6815,51.2378,52.4129,52.4464,50.3905,51.1143,47.4931,55.0514,61.9869,69.0258,80.1791,78.3569,75.2106,74.6214,72.2735,67.5522,58.682,45.0171,55.1088,49.8551,40.8849,39.0932,35.3967,36.6467,35.8378,29.8038,12.9442,-5.1157,-14.4708,-22.9871,-25.4759,-29.5635,-41.7823,-41.8645,-35.4669,57.3424,20.6316,-9.4566,-24.1041,-20.6546,-19.0595,-32.8803,-33.7182,-19.5602,-42.5354,-52.7262,-61.4538,-71.1606,-68.7878,-69.1391,-63.0453,-71.6269,-74.3348,-76.942,-90.8745,-76.174,-73.5052,-91.7034,-97.0404,-101.9063,-107.8018,-109.814,-110.5933,-107.4739,-104.0059,-97.5751,-106.9887,-103.7763,-96.5546,-86.9192,-85.6988,-94.1446,-84.7789,-82.1685,-78.9702,-80.3338,-83.4915,-81.2023,-75.9108,-64.5637
Q,Quarterly,IE,Ireland,P,Private non-financial sector,A,All sectors,B,Credit-to-GDP trend (HP filter),,,,Q:IE:P:A:B,,,,,,,,,,,,,,,,,,,,,,,,,,,,,,,,,,,,,,,,,,,,,,,,,,,,,,,,,,,,,,,,,,,,,,,,,,,,,,,,,,,,,,,,,,,,,,,,,,,,,,,,,,,,,,,,,,,,,,,,,,,,,,,,,,,,,,,73.6774,74.2822,74.9129,75.4524,75.8135,76.3825,76.4625,76.4535,76.461,76.4415,76.6539,76.9062,77.1087,77.1962,77.2694,77.3871,77.4566,77.2258,77.2533,77.187,77.0008,76.9488,76.9154,76.8468,76.9199,77.0587,77.1397,77.1884,77.2816,77.3011,77.1983,76.8743,76.5679,76.2691,75.9265,75.5857,75.299,75.2694,75.3141,75.5126,75.8231,76.1844,76.5458,76.857,77.1804,77.4724,78.0172,78.6795,79.2052,79.616,80.2123,80.6653,81.057,81.3725,81.7945,82.1824,82.5795,82.9276,83.3752,83.7513,84.1229,84.4795,84.8409,85.24,85.92,86.6569,87.4387,88.4379,89.4639,90.475,91.6089,92.9424,94.6451,96.4818,98.6131,100.938,102.9122,104.9319,106.7825,108.5531,110.3333,111.9751,113.8941,115.7433,117.6394,119.3945,120.9204,122.0521,123.2883,124.6819,126.4491,128.2115,129.8557,131.7235,134.1611,136.4564,138.8087,141.6054,144.626,148.2859,152.497,156.8229,161.3002,165.8649,170.396,175.051,179.5796,184.6232,190.1579,196.201,203.0022,209.8285,216.6001,223.46,230.3055,236.9953,243.2815,248.8722,255.1202,261.1539,266.7494,272.3077,277.7156,283.2534,288.804,294.0637,298.396,301.7041,304.4625,306.7044,308.7649,310.5474,311.5746,312.5292,313.786,320.356,324.8947,327.7259,329.6941,331.8227,334.01,335.3667,336.6213,338.6404,339.2983,339.2974,338.7057,337.4526,336.221,334.8572,333.7337,332.0111,330.0154,327.748,324.5494,322.0535,319.5882,315.9506,311.8551,307.3203,302.2787,296.9454,291.3885,285.8322,280.3018,274.9743,268.9436,262.9248,257.1549,251.7855,246.3454,240.2773,234.5979,228.9317,223.3169,217.4948,211.3594,205.2206,199.256,193.8243
Q,Quarterly,DK,Denmark,P,Private non-financial sector,A,All sectors,A,Credit-to-GDP ratios (actual data),,,,Q:DK:P:A:A,,,,,,,,,,,,,,,,,,,,,,,,,,,,,,,,,,,,,,,,,,,,,,,,,,,,,,,,,,,,,,,,,,,,,,,,,,,,,112.67868821743,114.07238311079,114.81272217171,115.15420835961,115.3276816465,116.19622637618,116.9542946194,117.49911527516,117.66105571306,118.74257167445,119.53719664685,120.2631975159,121.06613150524,121.43339170016,122.00551971332,122.65828894045,123.29635488924,123.37222443613,123.33868992813,123.10466380129,122.53977462556,124.03650646344,125.05596785364,125.73315352712,126.04189011545,127.9564394399,129.62751229856,131.20415406016,132.77503268039,133.74578669407,134.86072961511,136.02405938889,137.16309927967,138.03221518886,138.73091989391,139.08195617153,138.80308062243,137.72113452102,136.27715768589,134.90281079077,133.88432247795,134.15474529725,134.33852183528,133.67927207018,133.22602530253,132.65381843358,131.86040059771,131.616972939,131.48636955771,131.03359516304,130.96045602109,131.23392390053,130.71650859012,129.67835650728,129.50971343579,130.11338611291,130.85062932092,131.95994545445,133.26332858404,131.28110819263,129.40539011068,127.84864482806,126.52505900249,123.89623757665,121.63658872756,120.13239129106,120.54262848426,120.28155800649,121.77627007171,122.45035944843,125.12690930116,124.35011349177,125.58078145262,126.36590502175,129.81268680076,130.07752042713,136.32806942806,136.93907198397,141.17037651186,145.16740026131,153.40454552727,155.28394784526,157.08743719445,158.08165178911,163.6160605303,160.70142402156,163.04671560397,162.26765040828,164.54372370517,161.62835191842,162.76756059903,160.93474436501,164.40331726419,162.2317459442,161.0579378057,159.03947025932,161.59213252352,157.89059476847,159.2969795768,156.11689694314,158.25116197771,156.73015465316,155.86087841237,153.27354629613,151.29414374546,149.98898787457,150.40519180453,151.03848452429,152.81219799628,153.10571766173,150.40468916163,146.34392788409,143.40690119685,142.68141725718,143.04986339223,142.55612209672,144.14994226408,146.31117569937,146.42972081303,146.71145733357,146.6211600485,147.49706691832,148.79846668512,150.50401300234,151.27334154591,151.23036898585,152.39768962158,152.4403908152,150.67481816688,149.99509246429,151.68958501616,150.73669130345,150.68018823833,153.84881395886,154.45951237319,158.12270488683,157.43716171323,162.73874965582,165.71745780965,169.36163699123,173.18332960474,173.09358395084,171.60348511681,172.4785993714,170.28083996939,175.41396708541,177.87626650938,178.79914444643,177.50424979185,183.03153239007,183.89780574447,185.08743799235,186.28055707354,192.81990951769,196.63463308664,199.11565522719,205.10383767337,211.18104708327,216.00357972648,220.80983060051,226.39052812031,228.53571558574,232.01163046944,234.43416743089,240.21569085267,244.09762268786,247.44502195542,248.04419931033,250.90480797869,256.61923382171,259.59319724966,266.07289317645,270.90999919631,272.97351028004,269.93481975714,264.98546331428,260.25723483311,258.63465823001,259.1381212109,264.82956677267,266.24498047368,268.55662596798,269.24829303834,264.72537352635,265.53584956295,260.4867112767,258.59209245373,257.32874013497,255.33415480314,255.59575239341,253.16681921858,259.70145004169,258.539678083,260.17362714846,257.00257255947,259.93335361917,258.87840938309,259.84140870818,261.05659289066,263.30702574376,258.8069587727,258.01176797061,255.45378529919,251.82416896771,252.0909631899,252.21889720925,254.41005000742,253.91578557021,252.13318939427,256.18219961231,258.35922053433,261.0534218315,262.44403957742,247.51410038813,251.35388023967,237.24283074751,238.13992231553,238.77242416304,234.72860063161,233.70891844106,229.90117344055,225.29607627697,220.93563091163,220.35353522713,220.35105106579,220.19001825886,214.58354251772,218.62483170311,225.71821805986,225.53680187448,222.76643616443,219.95334858754,218.8482271632,215.85193954498,214.08410431504,216.01918116243,220.46408299789,219.13017100581
Q,Quarterly,AU,Australia,P,Private non-financial sector,A,All sectors,C,Credit-to-GDP gaps (actual-trend),,,,Q:AU:P:A:C,,,,,,,,,,,,,,,,,,,,,,,,,,,,,,,,,,,,,,,,,,,,,,,,,,,,,,,,,,,,,,,,,,,,,,,,,,,,,,,,,,,,,,,,,,,-2.389,-2.5156,-2.5466,-2.7026,-2.6454,-3.0552,-3.2097,-2.8181,-2.7136,-2.2899,-2.3779,-0.5937,0.7653,1.253,1.0179,1.8795,2.9638,3.6429,4.2151,3.6886,2.6878,2.1899,1.6909,1.2173,0.6968,0.0939,-0.2989,-1.1694,-1.8524,-2.159,-2.1481,-1.729,-0.0707,-0.364,-0.0228,-0.9004,0.6431,0.716,0.4164,0.8191,2.3074,1.6799,1.6509,1.6576,3.114,2.7805,2.614,3.2764,3.8947,4.2934,4.2882,5.6792,6.7842,5.3314,5.084,3.7733,3.0252,2.929,3.6927,4.177,5.9718,6.3503,7.3491,7.2246,10.8462,13.8231,14.2353,13.2181,14.5246,13.9496,14.8079,15.7786,17.5349,16.5327,14.2155,14.1405,15.622,12.1568,9.7658,10.2347,8.8175,7.0044,6.2036,6.5872,4.5254,1.5177,1.2803,-0.207,-1.1963,-0.9333,-4.2687,-6.5992,-9.3734,-9.5131,-10.9869,-11.5518,-10.9687,-10.6763,-10.7804,-10.6,-10.3341,-10.495,-9.9261,-9.5709,-8.7973,-10.0385,-8.5341,-8.7002,-7.3665,-6.6679,-3.9195,-3.8037,-1.4462,-1.1958,-0.4146,0.2478,-0.7067,0.4754,2.5819,2.8809,4.2882,4.2172,6.4082,7.5602,5.353,5.234,3.2036,2.163,4.563,6.1898,5.5352,5.1075,6.6565,6.7851,8.9497,8.2053,9.0881,8.9265,10.1111,10.0217,12.5842,13.0822,14.5196,13.7192,15.8684,16.6236,16.8355,15.6807,16.3546,17.9853,17.9168,16.918,15.0747,12.5896,10.8951,7.0074,4.2517,3.954,3.4979,1.7939,-0.8423,-4.5094,-8.7336,-10.6455,-12.9543,-13.2522,-14.7519,-14.9185,-14.1203,-14.0008,-13.4847,-13.4009,-10.3456,-10.8347,-8.8989,-10.2529,-8.6627,-7.0495,-5.1246,-1.6712,0.1127,1.6307,1.7785,2.4222,2.7185,1.8359,-0.2255,-4.1875,-4.9632,-7.0005,-6.9345,-6.6065,-7.6114,-7.8875,-8.6505,-9.5168,-10.7117,-12.027,-13.2614,-10.2014,-9.9859,-9.6087,-11.1265,-11.8426,-16.1674,-18.1853,-19.9279,-21.9833,-22.443,-24.3522,-26.9616,-27.5865,-26.3497,-25.1427,-23.6466,-21.3375,-19.8715,-18.3458,-15.1572,-13.493,-11.4918,-11.1114,-9.9633,-9.6849
Q,Quarterly,MY,Malaysia,P,Private non-financial sector,A,All sectors,B,Credit-to-GDP trend (HP filter),,,,Q:MY:P:A:B,,,,,,,,,,,,,,,,,,,,,,,,,,,,,,,,,,,,,,,,,,,,,,,,,,,,,,,,,,,,,,,,,,,,,,,,,,,,,,,,,,,,,,,,,,,,,,,,,,,,,,,,,,,33.2348,34.0271,34.6436,35.2968,35.873,36.4823,37.2436,38.1153,39.0035,39.9184,40.7235,41.5086,42.2175,42.924,43.5767,44.2693,44.93,45.6415,46.4591,47.349,48.3282,49.2126,50.1188,51.2518,52.5398,53.7386,55.024,56.3688,57.7666,59.1846,60.7047,62.1936,63.7017,65.1186,66.6947,68.411,70.0545,71.7648,73.6004,75.3997,77.245,79.1397,80.9576,82.801,84.6661,86.7182,89.0362,91.4675,93.9042,96.524,99.0819,101.4559,103.6611,105.6649,107.5125,109.2512,110.9241,112.3471,113.7134,115.1303,116.4639,117.8446,119.3155,120.6609,122.0604,123.5848,125.3401,127.0857,128.8136,130.6456,132.3499,134.0853,135.607,137.1064,138.4706,139.6156,140.6271,141.4355,142.4659,143.3735,144.1343,145.1579,146.1691,147.2639,148.4577,149.9258,151.7968,153.7525,155.8756,158.2257,160.9875,164.1182,167.5795,171.3198,174.9605,178.2532,181.3063,184.1682,187.1686,189.7974,192.0713,194.1759,195.6847,196.6035,197.2395,197.5392,197.6364,197.6001,197.6339,197.888,198.2745,198.6856,199.0343,199.1938,199.2094,198.9674,198.6837,198.3155,197.7293,197.2126,196.6415,195.861,194.8608,193.6342,192.2294,190.8677,189.5081,187.9255,186.3071,184.6104,182.9552,181.2363,179.4932,177.9405,176.0864,173.9753,171.8131,169.8512,168.0291,166.4908,165.2783,164.5154,163.907,163.1272,162.2876,161.3922,160.6427,159.838,159.1071,158.4688,157.9544,157.2403,156.8322,156.4761,156.1973,156.03,155.9906,155.9669,156.0463,156.0926,156.0357,155.9137,155.9113,156.0264,156.234,156.5279,156.8692,157.0424,157.184,157.4201,157.7848,158.0554,158.2772,158.3956,158.5034,158.6566,158.9244,159.1434,159.353,159.5306,159.789,159.9767,160.1754,160.4184,161.226,162.187,163.2878,164.4206,165.1399,165.888,166.49,166.8429,166.8481,166.4058,165.8544,165.2677,164.8259,164.4831,164.2395,163.9927,163.6827,163.2596,162.9295,162.6058,162.3472,162.1218,161.9096,161.7318
Q,Quarterly,AU,Australia,P,Private non-financial sector,A,All sectors,B,Credit-to-GDP trend (HP filter),,,,Q:AU:P:A:B,,,,,,,,,,,,,,,,,,,,,,,,,,,,,,,,,,,,,,,,,,,,,,,,,,,,,,,,,,,,,,,,,,,,,,,,,,,,,,,,,,,,,,,,,,,64.7806,64.8384,64.8891,64.9207,64.9539,64.9446,64.9168,64.92,64.9286,64.9707,65.0021,65.1806,65.4709,65.8019,66.1157,66.4988,66.9687,67.4944,68.068,68.6076,69.0782,69.5159,69.9205,70.2936,70.6316,70.9285,71.1985,71.4087,71.5713,71.7108,71.8483,72.0105,72.2788,72.528,72.7987,73.0132,73.3246,73.6415,73.9405,74.2653,74.6837,75.0665,75.4499,75.8361,76.3135,76.7752,77.2308,77.7302,78.2715,78.8426,79.4197,80.0861,80.8267,81.4914,82.1495,82.738,83.2881,83.8372,84.4356,85.0683,85.8125,86.5883,87.4323,88.2807,89.3516,90.6133,91.9208,93.1916,94.5595,95.9171,97.3468,98.8566,100.4937,102.1007,103.5998,105.1175,106.7438,108.1945,109.5263,110.901,112.2102,113.4286,114.612,115.8277,116.9346,117.8748,118.8036,119.6484,120.4356,121.2361,121.842,122.3059,122.5985,122.8678,123.0362,123.1541,123.2869,123.4187,123.5272,123.6285,123.728,123.8013,123.8904,123.984,124.1067,124.1433,124.2506,124.3344,124.4812,124.6565,124.9801,125.304,125.7582,126.2245,126.7341,127.2813,127.7737,128.3334,129.0158,129.7197,130.5098,131.3027,132.2293,133.233,134.1213,135.0114,135.7924,136.5185,137.387,138.357,139.2992,140.2257,141.2501,142.2928,143.4718,144.6223,145.8372,147.0575,148.3609,149.6755,151.1547,152.6832,154.3161,155.9264,157.6833,159.5096,161.3753,163.2015,165.0923,167.1039,169.1408,171.1491,173.0782,174.8881,176.6204,178.1455,179.5225,180.8893,182.2361,183.4899,184.5942,185.485,186.1241,186.6383,187.0017,187.3267,187.5435,187.7266,187.9317,188.1207,188.3168,188.4958,188.8298,189.1186,189.5019,189.7923,190.158,190.603,191.1479,191.8842,192.721,193.6458,194.5818,195.558,196.5552,197.5058,198.3401,198.9448,199.4979,199.925,200.3446,200.7718,201.1302,201.4603,201.7333,201.9422,202.0665,202.0973,202.0371,202.1324,202.2235,202.3202,202.3135,202.2473,201.9116,201.4329,200.8238,200.0635,199.2407,198.271,197.1108,195.8706,194.657,193.4705,192.3296,191.2838,190.2881,189.3484,188.5633,187.8498,187.2301,186.6138,186.0458,185.4777
Q,Quarterly,XM,Euro area,P,Private non-financial sector,A,All sectors,C,Credit-to-GDP gaps (actual-trend),,,,Q:XM:P:A:C,,,,,,,,,,,,,,,,,,,,,,,,,,,,,,,,,,,,,,,,,,,,,,,,,,,,,,,,,,,,,,,,,,,,,,,,,,,,,,,,,,,,,,,,,,,,,,,,,,,,,,,,,,,,,,,,,,,,,,,,,,,,,,,,,,,,,,,,,,,,,,,,,,,,,,,,,,,,,,,,,,,,,,,,,,,,,,,,,,,,,,,,,,,,,,,,,,,,,,,,,,,,,,,,,,,,,,,,,,,,,,,,,,,,,,,,,,,,,,,,,,,,,,4.1127,4.6878,4.5773,7.1353,5.7912,5.0336,2.5685,1.1353,-1.2658,-1.8471,-2.5801,-2.1346,-2.3736,-2.274,-3.0988,-4.5247,-5.7109,-6.6946,-7.6859,-9.4311,-10.1182,-10.1604,-10.7641,-9.8755,-6.319,-7.9375,-9.1229,-10.596,-10.7147,-10.0205,-10.4263,-10.9907,-10.1893,-11.6508,-12.7318,-13.0104,-13.4119,-12.6451,-12.8252,-13.5804,-13.1938,-12.5843,-12.3815,-13.1694,-10.6231,-2.44,-0.2067,1.4637,2.4665,-2.7808,-5.234,-7.3327,-9.1731,-10.7519,-11.2858,-13.9297,-16.5063,-18.0027,-19.0826,-19.6323,-20.5601,-20.0548,-20.0277,-19.5124,-19.0885,-18.9431,-18.7289,-18.1467,-17.0674
Q,Quarterly,MY,Malaysia,P,Private non-financial sector,A,All sectors,C,Credit-to-GDP gaps (actual-trend),,,,Q:MY:P:A:C,,,,,,,,,,,,,,,,,,,,,,,,,,,,,,,,,,,,,,,,,,,,,,,,,,,,,,,,,,,,,,,,,,,,,,,,,,,,,,,,,,,,,,,,,,,,,,,,,,,,,,,,,,,3.1264,2.3242,0.5444,0.9071,0.0957,0.4447,2.0823,3.2689,3.4045,3.6596,2.3208,2.0461,1.0946,1.0486,0.3597,0.859,0.4354,1.0901,2.4752,3.4007,4.5536,3.1726,3.4199,6.5475,8.6325,7.1915,8.3131,9.0266,9.6376,9.7504,11.0952,10.3997,10.482,8.858,11.1459,13.1029,11.6737,12.479,14.2006,13.302,13.743,14.2287,12.6535,12.7749,12.8297,15.6024,19.6221,21.0243,20.5995,23.1462,21.5358,17.9123,14.6181,10.8528,7.9358,5.8877,4.6183,0.2522,-0.7194,0.1626,-1.2634,-0.4245,1.1287,-1.0497,-0.096,2.052,5.9578,5.6303,5.1715,6.8215,4.4343,4.8499,1.0348,0.6209,-1.727,-5.459,-7.6088,-10.9002,-6.7674,-8.6958,-10.9879,-6.1441,-6.1873,-4.5697,-2.7308,2.0806,8.9804,10.1914,12.7971,16.3575,23.008,28.7327,33.6353,37.5096,34.7334,27.7462,22.8259,18.8823,20.7436,13.7416,7.2234,4.0968,-6.3082,-16.323,-20.7485,-25.9732,-28.7395,-30.2374,-28.177,-23.5788,-20.6295,-19.6241,-20.1502,-22.8521,-24.6941,-28.451,-28.3708,-29.0342,-31.9829,-29.8836,-29.9847,-32.7572,-35.6349,-38.5426,-40.5396,-38.655,-37.5332,-40.3305,-39.8172,-40.0504,-38.2079,-38.2356,-37.5788,-33.2335,-37.5085,-40.8946,-40.6295,-36.0266,-32.5969,-26.778,-20.3957,-12.0518,-9.0439,-11.7505,-12.4551,-13.0688,-10.1804,-10.8493,-9.2682,-7.4066,-5.0577,-8.3663,-2.8434,-1.8631,-0.4767,1.4646,3.6359,3.8026,5.4785,4.7535,2.8349,1.6296,3.6525,5.5799,7.0219,8.3172,8.9023,5.7471,5.038,6.5299,8.5713,6.7014,5.6711,3.7236,3.4352,4.1239,5.9887,4.9772,4.6756,3.9904,5.2737,3.9052,3.9844,4.6384,14.2666,16.5194,18.47,18.5055,10.8364,11.03,8.1939,3.6592,-2.4558,-10.1225,-11.7239,-12.0035,-9.1622,-7.1922,-5.275,-5.1839,-6.1295,-7.9119,-6.0833,-5.7992,-4.5137,-3.8106,-3.4762,-2.7838
Q,Quarterly,XM,Euro area,P,Private non-financial sector,A,All sectors,B,Credit-to-GDP trend (HP filter),,,,Q:XM:P:A:B,,,,,,,,,,,,,,,,,,,,,,,,,,,,,,,,,,,,,,,,,,,,,,,,,,,,,,,,,,,,,,,,,,,,,,,,,,,,,,,,,,,,,,,,,,,,,,,,,,,,,,,,,,,,,,,,,,,,,,,,,,,,,,,,,,,,,,,,,,,,,,,,,,,,,,,,,,,,,,,,,,,,,,,,,,,,,,,,,,,,,,,,,,,,,,,,,,,,,,,,,,,,,,,,,,,,,,,,,,,,,,,,,,,,,,,,,,,,,,,,,,,,,,156.8947,158.4411,159.9836,161.7847,163.4668,165.0857,166.4838,167.7556,168.8155,169.823,170.7653,171.7417,172.6956,173.6545,174.5443,175.3176,175.9928,176.5854,177.0944,177.4635,177.7699,178.0605,178.2946,178.5783,179.0996,179.5001,179.8087,180.005,180.1795,180.3865,180.5533,180.6693,180.823,180.8682,180.8282,180.7531,180.6347,180.5463,180.4292,180.2471,180.07,179.912,179.7486,179.5193,179.4264,179.8154,180.3359,180.9569,181.6404,182.0129,182.2348,182.3237,182.2922,182.1532,181.9663,181.6061,181.0726,180.4257,179.6876,178.8877,178.003,177.1158,176.1987,175.2804,174.3561,173.4102,172.4468,171.4875,170.5623
Q,Quarterly,CO,Colombia,P,Private non-financial sector,A,All sectors,B,Credit-to-GDP trend (HP filter),,,,Q:CO:P:A:B,,,,,,,,,,,,,,,,,,,,,,,,,,,,,,,,,,,,,,,,,,,,,,,,,,,,,,,,,,,,,,,,,,,,,,,,,,,,,,,,,,,,,,,,,,,,,,,,,,,,,,,,,,,,,,,,,,,,,,,,,,,,,,,,,,,,,,,,,,,,,,,,,,,,,,,,,,,,,,,,,,,,,,,,,,,,,,,,,,,,,,,,,,,,,,,,,,,,,,,,,,,,,,,,,,,,,,,,,,,,,,,,,,,,,,,,,,,,,39.3028,39.1762,39.1232,39.146,39.2021,39.2068,39.2311,39.2719,39.3469,39.4352,39.5967,39.7465,39.9346,40.0906,40.2975,40.601,41.0181,41.4218,41.8437,42.2765,42.7119,43.062,43.403,43.74,44.1297,44.5466,45.0512,45.5824,46.1437,46.7303,47.423,48.1457,48.9601,49.8311,50.8045,51.8615,52.968,53.9656,54.8727,55.6972,56.4141,57.0569,57.6761,58.2213,58.7189,59.1724,59.5981,59.9691,60.3621,60.6929,61.0064,61.3122,61.558,61.9393,62.5348,63.1846,63.8609,64.4971,64.9647,65.3112,65.5723,65.7591,65.8827,65.9278,65.9448,65.8643,65.7535,65.6184,65.4315,65.2171,64.9765,64.6756,64.3352,63.9613,63.5947,63.2125,62.8783,62.5792
Q,Quarterly,AR,Argentina,P,Private non-financial sector,A,All sectors,C,Credit-to-GDP gaps (actual-trend),,,,Q:AR:P:A:C,,,,,,,,,,,,,,,,,,,,,,,,,,,,,,,,,,,,,,,,,,,,,,,,,,,,,,,,,,,,,,,,,,,,,,,,,,,,,,,,,,,,,,,,,,,,,,,,,,,,,,,,,,,,,,,,,,,,,,,,,,,,,,,,,,,,,,,,,,,,,,,,,,,,,,,,,,,,,,,,,,,,,,,,,,,,,,,,,,,,,,,,,,,,,4.5812,3.6561,4.2149,3.7082,4.7567,4.4872,4.7321,4.5974,4.9829,5.2387,5.9272,6.197,6.8456,6.7833,6.8232,7.221,7.4923,7.1279,7.0807,6.2214,5.8288,4.3523,3.531,3.0896,2.2476,1.0521,1.9883,0.7497,11.1932,44.077,49.9249,38.8688,23.9351,12.0303,5.8158,3.3212,0.9939,-3.2269,-4.0853,-5.0774,-7.1252,-9.2922,-10.1233,-11.3505,-11.6011,-11.8261,-11.9388,-12.0425,-11.9898,-12.0062,-11.9688,-11.3891,-11.5549,-11.7496,-12.285,-11.8881,-11.0141,-10.1496,-9.3493,-9.2367,-9.2489,-9.504,-9.3476,-9.1482,-8.5204,-8.2713,-7.7018,-6.7088,-6.3747,-6.1909,-5.5484,-4.8301,-3.6153,-3.5644,-3.1356,-2.5398,-1.5114,-1.5506,-2.7915,-3.0599,-3.2036,-3.0876,-2.3859,-2.0967,-0.0925,-0.1666,-0.5012,-0.2035,0.1639,0.0163,1.0725,2.4003,4.7178,5.1384,8.2164,12.1826,7.6604,7.5823,4.9995,8.344,5.9872,4.7425,6.1314,6.0311,6.6229,5.1154,2.3175,0.4647,-0.4989,-2.0819,-0.8036,-1.1519,-0.9182,-0.9758,-0.0641,1.059,11.2602,4.4234,1.0788,0.2395,-0.3174,0.3063,1.9094,3.2449,4.7712,2.6889
Q,Quarterly,SE,Sweden,P,Private non-financial sector,A,All sectors,C,Credit-to-GDP gaps (actual-trend),,,,Q:SE:P:A:C,,,,,,,,,,,,,,,,,,,,,,,,,,,,,,,,,,,,,,,,,,,,,,,,,,,,,,,,,,,,,,,,,,,,,,,,,,,,,,,,,,,,,,,,,,,,,,-9.1605,-7.862,-8.2627,-7.248,-5.8702,-4.4423,-4.2792,-5.2335,-4.6525,-4.1956,-4.1747,-4.0655,-2.9003,-1.4258,-3.1586,-5.1335,-6.3277,-6.8631,-9.1425,-9.2433,-9.253,-6.591,-6.2375,-8.9775,-8.2833,-5.6729,-5.3768,-4.9407,-4.4147,-3.6383,-4.354,-3.7999,-3.4019,-2.174,-2.4834,-3.0939,-3.1889,-2.9876,-4.2246,-5.9988,-5.2798,-4.3757,-3.4315,-2.5629,-1.3453,-0.3224,0.4832,0.9992,1.0733,0.9525,0.7061,0.3364,0.578,0.7559,1.0016,1.3907,1.7672,2.2864,2.8122,3.2041,5.5167,7.528,9.3321,10.9623,12.7501,14.4068,15.8685,17.0432,19.2782,21.0677,22.491,23.4822,25.1691,26.462,27.4392,28.0913,27.9459,27.7356,27.5263,27.2909,22.4031,18.1521,14.6425,12.0185,11.6621,11.9185,12.5115,13.2197,12.645,11.5844,10.1954,8.1449,4.9544,1.7868,-1.4698,-4.7814,-8.5823,-12.1222,-15.0608,-17.3682,-17.9235,-19.4004,-19.234,-17.1395,-7.5542,-8.1339,-8.7311,-11.0491,-8.5057,-8.6386,-6.1023,-6.5022,-4.1052,-4.686,-5.1458,-1.7704,-3.1425,-3.1113,0.0525,3.4951,1.6916,3.194,3.9843,8.1343,5.7607,4.6895,3.6706,4.8361,2.3232,3.0783,1.4269,-0.2409,-1.4849,-1.1446,-2.4806,-0.5996,-0.709,3.409,3.5779,5.3262,4.525,5.6752,4.8451,6.0164,9.0408,12.8357,15.0134,19.1129,22.2922,27.0497,29.9362,37.7736,38.2864,39.4095,40.4408,39.8367,34.7138,30.1321,24.7431,17.208,15.3126,13.6915,13.0882,12.2982,17.0266,13.8359,15.6123,6.8505,8.9415,9.4087,5.5828,3.3382,6.4305,3.01,-1.1126,-1.1737,0.8725,-3.0899,-4.7861,-2.5955,-8.5256,-8.0009,-7.165,-7.2467,-3.8596,-5.26,-6.703,-5.1105,-4.6303,-6.0911,-6.6934,-10.2906,-4.9416,-5.049,-5.3571,-6.4756,-1.6109,1.7589,2.726,2.324,6.8752,1.5136,0.5319,4.7782,3.2188,-0.0508,0.4545,1.5303,-23.3624,-22.014,-29.8171,-33.836,-23.811,-23.8646,-20.7755,-24.1791,-35.4492,-34.1968,-35.9078,-38.5972,-30.301
Q,Quarterly,AR,Argentina,P,Private non-financial sector,A,All sectors,B,Credit-to-GDP trend (HP filter),,,,Q:AR:P:A:B,,,,,,,,,,,,,,,,,,,,,,,,,,,,,,,,,,,,,,,,,,,,,,,,,,,,,,,,,,,,,,,,,,,,,,,,,,,,,,,,,,,,,,,,,,,,,,,,,,,,,,,,,,,,,,,,,,,,,,,,,,,,,,,,,,,,,,,,,,,,,,,,,,,,,,,,,,,,,,,,,,,,,,,,,,,,,,,,,,,,,,,,,,,,,20.4054,20.4452,20.5468,20.6049,20.7693,20.9152,21.0899,21.259,21.4686,21.7072,22.0117,22.3468,22.7435,23.1441,23.5565,24.0091,24.4919,24.9563,25.4262,25.8409,26.2346,26.5281,26.7681,26.9812,27.139,27.2165,27.3598,27.4212,28.1895,31.1752,34.6073,37.377,39.2224,40.3275,41.0486,41.6179,42.0439,42.2046,42.3069,42.3417,42.2421,41.9985,41.6906,41.2931,40.864,40.4045,39.921,39.4137,38.892,38.3515,37.7955,37.2561,36.6898,36.0945,35.4497,34.8096,34.2029,33.6301,33.0887,32.5395,31.9752,31.3816,30.7822,30.1799,29.5997,29.0207,28.4617,27.9483,27.4437,26.9396,26.463,26.0192,25.6382,25.2544,24.8897,24.5545,24.2748,23.9904,23.6317,23.2528,22.8607,22.4701,22.1151,21.773,21.5436,21.3097,21.0562,20.8191,20.603,20.3786,20.2153,20.1307,20.1842,20.2697,20.5417,21.0568,21.3299,21.611,21.7548,22.1005,22.3233,22.4837,22.7324,22.9851,23.282,23.5024,23.5691,23.5324,23.4406,23.2563,23.1427,23.0076,22.8841,22.7559,22.6788,22.6666,23.2467,23.4493,23.4655,23.4349,23.3725,23.3456,23.412,23.5588,23.7993,23.927
Q,Quarterly,CO,Colombia,P,Private non-financial sector,A,All sectors,C,Credit-to-GDP gaps (actual-trend),,,,Q:CO:P:A:C,,,,,,,,,,,,,,,,,,,,,,,,,,,,,,,,,,,,,,,,,,,,,,,,,,,,,,,,,,,,,,,,,,,,,,,,,,,,,,,,,,,,,,,,,,,,,,,,,,,,,,,,,,,,,,,,,,,,,,,,,,,,,,,,,,,,,,,,,,,,,,,,,,,,,,,,,,,,,,,,,,,,,,,,,,,,,,,,,,,,,,,,,,,,,,,,,,,,,,,,,,,,,,,,,,,,,,,,,,,,,,,,,,,,,,,,,,,,,2.4429,2.5482,3.2393,3.9604,4.2458,3.6368,3.7941,3.9176,4.244,4.3304,5.1177,4.898,5.2847,4.8074,5.3654,6.5014,7.8549,7.5507,7.6633,7.6814,7.5841,6.2794,6.0423,5.8781,6.5208,6.7915,7.9372,8.1761,8.4646,8.6777,10.104,10.3555,11.5483,12.1823,13.518,14.5393,15.0041,12.9562,11.2296,9.6561,7.7079,6.3323,5.8043,4.4592,3.575,2.763,2.2389,1.2766,1.6117,0.5339,0.2319,0.0958,-0.9155,1.3926,4.9757,5.7666,6.066,5.2271,2.2211,0.0995,-1.3615,-2.5963,-3.6063,-4.8535,-5.2032,-6.7364,-7.0731,-7.2989,-7.9894,-8.2436,-8.4673,-9.2721,-9.6977,-10.0069,-9.6034,-9.6061,-8.5104,-7.6695
Q,Quarterly,SE,Sweden,P,Private non-financial sector,A,All sectors,B,Credit-to-GDP trend (HP filter),,,,Q:SE:P:A:B,,,,,,,,,,,,,,,,,,,,,,,,,,,,,,,,,,,,,,,,,,,,,,,,,,,,,,,,,,,,,,,,,,,,,,,,,,,,,,,,,,,,,,,,,,,,,,119.9705,119.523,119.0231,118.6109,118.3208,118.157,118.002,117.7547,117.5519,117.3827,117.2098,117.0406,116.9625,117.0009,116.8985,116.6361,116.2742,115.8633,115.2712,114.66,114.0364,113.5948,113.1703,112.543,111.953,111.5341,111.1283,110.7453,110.3915,110.0838,109.7239,109.3947,109.0865,108.8534,108.5974,108.299,107.9903,107.69,107.3079,106.8091,106.3466,105.9325,105.5703,105.2564,105.0132,104.8301,104.6953,104.5923,104.4953,104.3926,104.2766,104.1396,104.0174,103.9067,103.8117,103.7412,103.6951,103.6822,103.7037,103.7526,103.9419,104.2576,104.6905,105.2333,105.8976,106.6786,107.5676,108.5501,109.6897,110.964,112.3546,113.8388,115.4585,117.1937,119.0281,120.9444,122.8976,124.8837,126.9025,128.9521,130.7627,132.3633,133.7901,135.0886,136.3861,137.7173,139.1022,140.5484,141.9829,143.3765,144.7086,145.9385,146.9969,147.8801,148.5776,149.081,149.3565,149.4131,149.2798,148.9885,148.6367,148.1701,147.6817,147.2831,147.4116,147.4942,147.529,147.4154,147.4311,147.4252,147.552,147.6458,147.8678,148.0494,148.1969,148.5313,148.7834,149.0323,149.4592,150.0854,150.613,151.2303,151.8985,152.8134,153.6042,154.3423,155.0291,155.7893,156.4119,157.082,157.6616,158.1469,158.5599,158.9901,159.3412,159.7971,160.2456,160.9314,161.6324,162.4404,163.2107,164.055,164.8604,165.7415,166.8073,168.1075,169.5545,171.2631,173.1867,175.4219,177.868,180.8162,183.8556,187.0221,190.3124,193.6335,196.723,199.6039,202.2219,204.4443,206.585,208.6568,210.716,212.7507,215.079,217.2504,219.5471,221.3622,223.3095,225.2983,227.0811,228.7432,230.5895,232.2484,233.6738,235.0937,236.6302,237.9388,239.1443,240.4687,241.4459,242.4395,243.4685,244.4812,245.6779,246.7874,247.8049,248.9035,250.0217,251.0478,252.0292,252.7915,253.8466,254.8875,255.9023,256.8437,258.0559,259.4605,260.9239,262.3685,264.0801,265.4928,266.8511,268.456,269.9784,271.3168,272.6845,274.1151,274.1082,274.1413,273.6871,272.952,272.7418,272.4898,272.3777,272.0349,271.0008,269.9816,268.8077,267.4198,266.4491
Q,Quarterly,MX,Mexico,P,Private non-financial sector,A,All sectors,A,Credit-to-GDP ratios (actual data),,,,Q:MX:P:A:A,,,,,,,,,,,,,,,,,,,,,,,,,,,,,,,,,,,,,,,,,,,,,,,,,,,,,,,,,,,,,,,,,,,,,,,,,,,,,,,,,,,,,,,,,,,,,,,,,,,,,,,,,,,,,,,,,,,,,,,,,,,,,,,,,,,,,32.459141330185,31.812565565528,32.334540634812,32.480576567311,33.883266042941,36.319114643748,33.932396184819,32.229630295804,28.537191212676,25.554789422114,24.871809868328,22.429458643851,22.742613726326,21.328701504284,22.781553826355,23.081757615742,25.464272975622,25.664047475999,25.398597901484,29.219424226501,29.875957155887,29.081189784437,32.718096427437,33.111233891003,33.151705056734,31.373681860252,30.824888408893,29.03981637234,31.822825732332,24.063138549609,20.074353974411,18.078711009305,18.939608763506,18.153216049705,19.427197102408,20.566730628829,23.925271793396,21.096101046735,22.94991324071,22.948154084355,24.895533950115,25.038585520008,26.594604226536,27.798418352854,31.465918664002,32.375410902678,34.299054201737,35.756871643233,37.53289525317,38.31648284048,39.97451542536,41.25663464118,42.644564782863,43.97972127005,45.380286916205,46.089844443345,47.15460926184,48.308068624261,48.581411838221,48.056569432072,46.894185603648,44.226028382626,42.093953297425,40.293819087999,38.657592011507,38.236223271317,36.993614563677,34.58879257145,33.043201907351,32.650233502471,32.438946167621,32.192517092436,30.234483205307,29.271808830216,28.623822959237,26.484338764731,25.667320841486,25.051058538342,25.396397173081,24.515360958657,23.956016730479,23.51993042103,22.475400204734,22.586596300363,22.612120091023,22.115075369551,22.975806359888,23.172343588824,23.459121173296,23.284204070595,23.057854445698,23.465267581543,23.717984457173,23.635267403188,23.317755351514,23.078647006948,22.874552769286,22.981830112859,22.849157755119,22.50974414267,22.981641660593,23.133761221147,23.587110558084,23.61685257603,24.425362224679,24.657119082684,24.819699781592,25.730152756879,26.954910704522,26.97221369884,26.770801424442,27.503552086414,28.639591489574,29.341375043997,28.910764999047,29.124233278366,28.860059832607,28.632217465976,28.769512944761,28.503802113918,28.533872316138,28.912793759616,28.849794749608,30.392191625254,30.601959219406,29.793148410165,30.08715858845,30.252717648114,30.612419662399,30.436568467384,31.464538269195,32.630611592643,33.700112407021,33.740279274752,34.016709263457,34.332424719397,35.202381512618,35.545728460444,36.21482763276,37.840279619397,38.344522711402,39.285017593019,40.360097820692,41.121372220034,41.512225257809,39.866589591663,39.342563589428,39.979547860135,41.389663021882,40.438135659223,41.428552921037,40.423723560643,40.654049923247,40.792751232387,40.949565342583,40.910654134861,40.064995633511,44.065136877238,45.289773878783,44.777019386026,42.848570342849,42.873358448099,40.643210597971,40.480971260338,40.250332419649,39.726780157902,39.610729837899,39.302476282216,38.693173366292,37.564155458218,37.00890103854,37.171662219663,37.094052426246,36.900235980774,37.915802575105,38.587085122994,39.471127428394,39.25831346178,38.729152932964,38.693856814842,38.729800726719,38.57717237414
Q,Quarterly,TR,Türkiye,P,Private non-financial sector,A,All sectors,B,Credit-to-GDP trend (HP filter),,,,Q:TR:P:A:B,,,,,,,,,,,,,,,,,,,,,,,,,,,,,,,,,,,,,,,,,,,,,,,,,,,,,,,,,,,,,,,,,,,,,,,,,,,,,,,,,,,,,,,,,,,,,,,,,,,,,,,,,,,,,,,,,,,,,,,,,,,,,,,,,,,,,,,,,,,,,,,,,,,,,,,,,,,,,,,,,,,,,,,,,,,,,,,,,,,,,,,,,,,,,,,,,,18.1575,18.3369,18.5923,19.0652,19.515,20.0402,20.5489,21.2603,21.9137,22.5997,22.9717,23.3544,23.6991,23.9946,24.2935,24.5677,24.781,25.0037,25.268,25.4875,25.9373,26.3419,26.8656,27.1155,27.1212,27.0632,26.9783,26.8421,26.728,26.4231,26.1359,25.904,25.7234,25.7154,25.687,25.5915,25.5135,25.4971,25.5185,25.8301,26.2527,26.9171,27.5333,28.1501,28.7044,29.3273,30.0208,30.8035,31.7661,32.7466,33.7396,34.7534,35.7238,36.6332,37.5721,38.5239,39.494,40.5759,41.6224,42.7902,44.0064,45.3661,46.7228,47.9819,49.1567,50.3504,51.4859,52.6321,53.7821,55.1254,56.5382,57.9634,59.3024,60.6253,61.9922,63.3607,64.8158,66.3398,67.9385,69.3354,70.613,71.8733,73.1391,74.5794,75.9594,77.2673,78.4326,79.5808,80.6741,81.8371,83.3105,84.112,84.9066,85.5589,86.0145,86.4521,86.9863,87.923,88.9814,89.704,90.3566,90.6924,90.7758,91.2918,91.5811,91.5042,91.0135,90.2496,89.331,88.6065,87.6119,86.4735,85.1748,83.6929,82.1792,80.6025,79.1267,77.7302,76.363,75.0462,73.7583
Q,Quarterly,TR,Türkiye,P,Private non-financial sector,A,All sectors,C,Credit-to-GDP gaps (actual-trend),,,,Q:TR:P:A:C,,,,,,,,,,,,,,,,,,,,,,,,,,,,,,,,,,,,,,,,,,,,,,,,,,,,,,,,,,,,,,,,,,,,,,,,,,,,,,,,,,,,,,,,,,,,,,,,,,,,,,,,,,,,,,,,,,,,,,,,,,,,,,,,,,,,,,,,,,,,,,,,,,,,,,,,,,,,,,,,,,,,,,,,,,,,,,,,,,,,,,,,,,,,,,,,,,1.1679,1.2238,1.9592,4.139,3.8368,4.5777,4.3309,6.5012,5.749,6.035,2.2758,2.3685,1.8728,1.2384,1.2605,0.9284,0.1297,0.2507,0.7968,0.1823,3.3038,2.6246,4.2348,0.3088,-3.1676,-4.025,-4.3396,-5.0102,-4.586,-7.3461,-6.9326,-5.9557,-5.0484,-2.2833,-2.5536,-3.5482,-3.1969,-2.1515,-1.5027,3.1786,4.8922,8.6937,7.7097,7.54,6.3378,7.3155,8.3076,9.5839,12.3434,12.3358,12.2394,12.2819,11.2413,9.9269,10.1729,10.1273,10.1755,11.8086,10.8967,12.6768,13.1671,15.2688,14.8074,12.74,10.9508,10.9783,9.6821,9.601,9.4041,12.4719,13.3259,13.1723,11.3223,10.7341,11.1934,10.9109,12.1011,12.9529,13.8826,10.0111,7.6725,7.1578,7.0541,9.8697,8.5521,7.0666,4.4053,3.9854,2.9277,4.0477,9.2959,-2.5719,-2.6161,-5.0023,-8.2587,-8.3378,-6.4341,0.6994,2.7813,-3.0969,-4.2193,-9.5724,-13.6621,-5.807,-9.5587,-15.6145,-22.3229,-26.4143,-28.344,-24.192,-28.1803,-29.8688,-31.8001,-34.0704,-33.6604,-33.8034,-31.11,-28.8665,-27.548,-25.9034,-24.6759
Q,Quarterly,DE,Germany,P,Private non-financial sector,A,All sectors,A,Credit-to-GDP ratios (actual data),,,,Q:DE:P:A:A,,,,,,,,,,,,,,,,,,,,,,,,,,,,,,,,,,,,,,,,,,,,,,,,,,,,,63.248921563259,63.766188559348,64.822418307008,65.939325073166,66.876220090116,67.239128663823,68.127977375168,68.573186160088,69.65416337107,70.559628906544,71.928184240445,72.41186663665,73.553963069904,72.739132081202,73.727213889627,74.404687124351,75.229407564844,75.309152940696,76.253554402391,76.394027673211,77.093904861137,77.207673947681,78.164368211603,78.101310261436,78.430613785969,78.56434554739,80.002603409865,81.142368575053,82.398735375307,82.573397676167,83.46627714352,83.475834959555,85.421384960534,85.445274413646,85.601419964106,85.516693510572,87.992588144476,86.996461333268,86.73820690275,85.948057438858,86.865367258406,85.505741010999,85.975449296672,86.819125713325,88.79193551411,88.605395848308,90.0479483641,90.242753253817,92.391470124867,92.587070514209,92.986169331354,92.914697898464,93.560845993111,93.198782920893,93.733327271118,93.738125316739,94.407159163677,93.706708610143,94.249584564019,94.498146592703,96.431866475365,95.089215525294,95.422039692124,95.253540760645,96.389430814997,95.222076551569,96.15230157486,96.42967939757,97.98478705472,96.331094251118,97.271814077202,97.291632104619,99.196089715999,98.767056325786,99.773198285188,99.585399440424,101.11960056913,99.809545703093,101.167297937,101.66976542842,105.06642582694,106.0152464076,107.46631764126,108.03877034548,109.28147442792,108.24671268189,109.2582120725,110.30611050448,112.29522536205,110.68889997076,111.78879937132,112.20298342609,113.28273652552,111.77566544754,112.677390652,112.89501686632,114.02569428641,113.93719384547,113.8470949776,112.94993874266,114.38029314792,112.95894272135,112.81592701875,111.94211558382,111.85592405138,110.69880199148,110.53173750965,111.46675503948,111.91789777082,110.63316916285,111.03334789366,110.70686305484,111.4429384149,110.33184921284,110.65787024102,110.69649011654,111.93433801809,111.87329181779,110.27567793741,109.81746097918,110.36239713195,109.07214216392,109.26275607852,110.78191612689,111.43447055143,111.35129318708,112.01842514377,112.16052878254,111.99661215304,113.80215156219,115.55695889667,117.35937620927,120.15023366501,117.86863206132,118.56163657039,119.63155808923,120.82682122228,117.05016641447,118.43800219404,118.81580867958,119.83235108401,120.62565689284,122.11104431964,123.22261623206,124.82412941602,125.28989178115,126.31982444289,126.83757502794,128.02033599929,128.04879866311,128.67947647289,129.9392367442,132.45446928132,129.90736041921,132.02109807679,133.36814547816,136.75749489725,139.15978495231,141.80107252383,142.22119129725,148.06849641825,148.54041515383,148.98439617383,149.75084837357,149.38567673814,148.52457929762,150.45726800084,150.75969667107,151.63512826028,152.17614973588,153.32136156095,153.35841255241,152.601017494,149.41029876393,147.75530870394,146.30013979951,144.88362029549,143.87659902797,145.07190393827,145.61715902738,145.76527900873,146.84547184359,147.55318447429,147.42341428017,146.06821068108,143.74054730903,143.12162773753,141.77176187593,142.00407518228,141.13685859883,141.20506755567,141.62282593848,143.42695088781,144.88531487833,146.28927962978,146.33876903101,146.68195691041,145.05291037925,144.80627082398,143.80430314785,141.8406369891,138.08992556805,137.14503031269,137.94157121055,138.0585357211,137.50294892623,137.69675356173,137.26477103299,136.96618326454,138.03937038656,138.54022938183,138.74111827501,138.59411978787,137.72297636364,137.73874343748,136.35593457848,132.37040880662,132.86562435201,132.80634205161,132.77493017923,132.5267035384,133.12933722619,133.50247212624,134.30447707011,134.44205877784,134.75608830611,134.18698663724,133.69252680027,133.57318995474,132.87818844152,134.02093875721,134.79357123038,134.30949520066,135.30547227301,136.4813445451,136.64983809264,136.98370946869,138.10459834254,143.52369329626,146.00156828297,147.72860481401,149.96275504029,147.33853999301,146.62840411146,146.44914752375,145.79959169156,145.47384576827,146.85260088779,145.52779140534,143.36954269254,141.78505845937,139.87874422063,138.43184836903,137.54229329324,137.02888432669,136.86652200429,135.90752194658,136.48080409826,136.30974400918,135.85611269607,134.94436270123,134.83526217931
Q,Quarterly,SA,Saudi Arabia,P,Private non-financial sector,A,All sectors,A,Credit-to-GDP ratios (actual data),,,,Q:SA:P:A:A,,,,,,,,,,,,,,,,,,,,,,,,,,,,,,,,,,,,,,,,,,,,,,,,,,,,,,,,,,,,,,,,,,,,,,,,,,,,,,,,,,,,,,,,,,,,,,,,,,,,,,,,,,,,,,,,,,,,,,,,,,,,,,,,,,,,,,,,,,,,,,,,,,,,,,,,,,,,,,,,,,,,,,,,,,,,,,,,,,,,,,25.238804733514,25.592239535923,26.249761205878,26.987665723347,28.338190696669,28.873927147175,28.857360034747,30.239237551089,30.480839157373,30.856480580054,29.864915658685,29.21883065671,28.132284091401,26.625907729358,26.792246982338,25.386840755689,25.394314433877,24.667099771262,25.784627736507,27.506242800174,31.568791167041,34.539082986752,39.918291839066,42.480908144509,36.379188611455,34.726527833826,33.991461487112,34.809768268936,31.80565701594,30.614092675659,29.97095155028,29.841972233632,29.60236495106,30.313144661505,31.50610606475,32.544793219599,33.092404046863,34.701231483272,34.443718401212,33.378975074259,33.867833056046,33.832428003375,33.932543109658,32.987965059433,30.941183940409,33.478412220595,36.614192624533,37.255417928894,36.325199126606,39.004520483776,39.540065067202,39.822490055082,38.668998624746,37.977022282137,37.923538564128,38.678517344309,39.883663055733,42.565781181338,45.499084660616,44.488590347789,43.974798068659,43.080229501504,41.902267560775,44.311591403326,46.906429433751,52.294303433937,55.855719404125,51.777366412968,49.704140805166,47.577348439956,46.834985067997,44.595129819529,43.72026632789,41.878926518488,41.192378303394,37.237866933276,39.216027973163,38.486899599821,36.720715732836,36.647493245664,38.280793650855,40.397492467876,41.062467145537,41.258009811092,43.40677091065,44.634200998173,45.56671309918,45.213953698032,47.5540637633,50.544912672455,53.064168650184,56.847449570926,59.307290983407,62.213094939702,61.721969565798,59.270293301329,58.4329286059,58.114863141546,56.986866218075,55.340693410935,55.422713639849,52.837651160361,51.53932411426,50.015797963326,49.377437909753,51.00687086352,51.870642559619,53.550731153058,59.29175125522,65.351612473819,69.819265399848,75.03359436063,76.73710578491,74.117802137155,70.976920772529,66.911402632686,64.313085989541,60.824117237522,60.291008590935,58.846314221766,59.253498315756,61.952792138913,64.166379975746,65.239071697704,66.912616760231,66.999695714682,69.300271342556,70.903629330514,73.954641818721,76.390550320783,77.570074225649,77.784606494958,78.167595934358
Q,Quarterly,DK,Denmark,P,Private non-financial sector,A,All sectors,C,Credit-to-GDP gaps (actual-trend),,,,Q:DK:P:A:C,,,,,,,,,,,,,,,,,,,,,,,,,,,,,,,,,,,,,,,,,,,,,,,,,,,,,,,,,,,,,,,,,,,,,,,,,,,,,,,,,,,,,,,,,,,,,,,,,,,,,,,,,,,,,,,,,,,,,-5.4211,-5.2751,-5.2139,-5.9186,-6.3655,-6.8744,-7.5338,-7.6247,-7.595,-7.8546,-7.7345,-7.2947,-7.6102,-8.3743,-8.2668,-7.4416,-6.5433,-5.3556,-4.0648,-5.9162,-7.5344,-8.7365,-9.63,-11.6713,-13.2197,-13.9451,-12.816,-12.3719,-10.2962,-9.1073,-6.1035,-6.5177,-5.0141,-4.0141,-0.569,-0.321,5.5407,5.7425,9.3313,12.4764,19.4132,19.9328,20.3242,19.9031,23.7585,19.3956,20.2148,18.0129,18.7929,14.6046,14.458,11.4944,13.6847,10.4085,8.2426,5.388,7.0013,2.6081,3.2794,-0.4235,1.0993,-0.9169,-2.2046,-5.0413,-7.1396,-8.4747,-8.097,-7.5227,-5.891,-5.739,-8.4167,-12.2199,-14.7338,-14.9972,-14.1894,-14.2193,-12.2527,-9.8389,-9.473,-8.9585,-8.8101,-7.743,-6.3203,-4.5838,-3.8203,-3.8605,-2.7486,-2.7563,-4.4687,-5.0541,-3.3554,-4.247,-4.236,-1.1704,-0.6887,2.6531,1.6972,6.4505,8.738,11.5158,14.2917,13.1964,10.8169,10.7868,7.837,11.9662,13.3265,13.1365,10.8404,15.102,14.7013,14.6055,14.4958,19.4235,21.4761,22.1226,26.015,29.7385,32.0265,34.1246,36.7876,36.0007,36.4594,35.8413,38.377,38.9194,38.8669,36.1598,35.6828,37.8748,37.2981,40.0096,40.9585,39.1706,32.5973,24.5273,17.0701,12.9304,11.007,14.0761,12.9135,12.6419,10.8343,4.1796,2.9242,-3.8062,-7.1807,-9.7628,-12.8799,-13.6739,-16.9469,-11.5415,-13.6894,-13.0561,-16.9795,-14.8941,-16.6676,-16.411,-15.9047,-14.4231,-19.3816,-20.5369,-23.2639,-26.8189,-26.4551,-26.2017,-23.9715,-24.365,-25.9174,-21.8324,-19.7068,-17.1783,-15.9939,-30.2778,-25.9907,-38.8673,-36.7925,-35.0248,-37.7205,-37.352,-39.5819,-42.3827,-44.7339,-43.3161,-41.3612,-39.5996,-43.0211,-37.0692,-28.5006,-27.2337,-28.4417,-29.5802,-28.9964,-30.1877,-30.1062,-26.4825,-20.6436,-20.5551
Q,Quarterly,DK,Denmark,P,Private non-financial sector,A,All sectors,B,Credit-to-GDP trend (HP filter),,,,Q:DK:P:A:B,,,,,,,,,,,,,,,,,,,,,,,,,,,,,,,,,,,,,,,,,,,,,,,,,,,,,,,,,,,,,,,,,,,,,,,,,,,,,,,,,,,,,,,,,,,,,,,,,,,,,,,,,,,,,,,,,,,,,139.3054,139.4299,139.5524,139.5979,139.5916,139.5282,139.3942,139.2417,139.0814,138.8882,138.695,138.5287,138.3267,138.0527,137.7765,137.555,137.3939,137.3156,137.3281,137.1973,136.9397,136.5851,136.1551,135.5676,134.8563,134.0775,133.3586,132.6534,132.0725,131.5577,131.2304,130.8678,130.5949,130.38,130.3817,130.3985,130.7874,131.1966,131.8391,132.691,133.9913,135.3511,136.7632,138.1785,139.8576,141.3059,142.8319,144.2547,145.7509,147.0237,148.3096,149.4404,150.7186,151.8232,152.8154,153.6514,154.5909,155.2825,156.0176,156.5404,157.1519,157.647,158.0655,158.3148,158.4338,158.4637,158.5021,158.5612,158.7032,158.8447,158.8214,158.5638,158.1407,157.6786,157.2393,156.7754,156.4027,156.15,155.9027,155.6699,155.4312,155.2401,155.1188,155.0878,155.0936,155.0909,155.1463,155.1967,155.1436,155.0492,155.045,154.9837,154.9162,155.0192,155.1482,155.4696,155.74,156.2883,156.9795,157.8458,158.8916,159.8972,160.7866,161.6918,162.4439,163.4477,164.5498,165.6626,166.6639,167.9295,169.1965,170.4819,171.7847,173.3964,175.1585,176.993,179.0889,181.4426,183.9771,186.6852,189.603,192.535,195.5522,198.5929,201.8387,205.1782,208.5781,211.8844,215.222,218.7444,222.2951,226.0633,229.9515,233.8029,237.3375,240.4581,243.1871,245.7042,248.1311,250.7535,253.3315,255.9147,258.414,260.5457,262.6117,264.2929,265.7727,267.0915,268.214,269.2697,270.1137,271.2429,272.2291,273.2297,273.9821,274.8275,275.546,276.2524,276.9613,277.7301,278.1886,278.5487,278.7176,278.6431,278.546,278.4206,278.3816,278.2808,278.0506,278.0146,278.066,278.2317,278.4379,277.7919,277.3446,276.1101,274.9324,273.7972,272.4491,271.0609,269.483,267.6788,265.6695,263.6696,261.7123,259.7896,257.6047,255.694,254.2188,252.7705,251.2081,249.5335,247.8447,246.0397,244.1903,242.5017,241.1077,239.6853
Q,Quarterly,ID,Indonesia,P,Private non-financial sector,A,All sectors,B,Credit-to-GDP trend (HP filter),,,,Q:ID:P:A:B,,,,,,,,,,,,,,,,,,,,,,,,,,,,,,,,,,,,,,,,,,,,,,,,,,,,,,,,,,,,,,,,,,,,,,,,,,,,,,,,,,,,,,,,,,,,,,,,,,,,,,,,,,,,,,,,,,,,,,,,,,,,,,,,,,,,,,,,,,,,,,,,,,,,,,,,,,26.0077,26.5779,27.6476,28.6147,29.5812,30.4604,31.1824,31.8751,32.6293,33.3853,34.1756,35.038,35.8336,36.6929,37.6396,38.6406,39.7039,41.0804,42.5881,44.1827,45.6318,46.9861,48.1459,49.3827,50.5157,51.6158,52.7097,53.6633,54.3901,55.1167,55.782,56.3496,56.9724,57.5945,58.2319,58.9114,59.5391,60.1491,60.803,61.4851,62.1468,62.9213,63.7133,64.5227,65.3174,66.2009,67.5175,69.0725,71.7767,76.2289,78.2836,78.924,78.668,77.2283,76.0311,74.4146,72.7294,71.1358,69.489,67.8608,66.2851,64.7559,63.0569,61.3719,59.624,57.8648,56.1888,54.5877,53.0111,51.4293,49.9214,48.507,47.0958,45.8822,44.7026,43.6018,42.5579,41.5992,40.7103,39.7605,38.7179,37.7251,36.753,35.846,34.9307,33.998,33.142,32.4306,31.7392,31.1292,30.5732,30.0494,29.4905,28.9119,28.3485,27.8418,27.2728,26.8195,26.3936,26.0629,25.726,25.4809,25.3395,25.2741,25.271,25.3695,25.5149,25.7508,25.9818,26.3141,26.7484,27.2318,27.6394,28.1044,28.5884,29.0995,29.5754,30.0908,30.6208,31.1584,31.63,32.1112,32.5671,33.0551,33.4667,33.8784,34.2472,34.6339,34.9813,35.3734,35.7839,36.1904,36.564,36.9352,37.2986,37.6529,38.0915,38.4596,38.8818,39.2516,39.6273,39.9388,40.1753,40.3701,40.5219,40.692,40.7886,40.8543,40.8381,40.8334,40.8598,40.9141,40.9689,41.0287,41.0206,41.041,41.0558,41.0532,41.0697,41.1267,41.1374
Q,Quarterly,ID,Indonesia,P,Private non-financial sector,A,All sectors,C,Credit-to-GDP gaps (actual-trend),,,,Q:ID:P:A:C,,,,,,,,,,,,,,,,,,,,,,,,,,,,,,,,,,,,,,,,,,,,,,,,,,,,,,,,,,,,,,,,,,,,,,,,,,,,,,,,,,,,,,,,,,,,,,,,,,,,,,,,,,,,,,,,,,,,,,,,,,,,,,,,,,,,,,,,,,,,,,,,,,,,,,,,,,3.7723,4.8511,9.7383,8.5483,8.4124,7.3591,5.5478,5.1382,5.7526,5.6858,5.9971,6.7601,5.8468,6.537,7.5219,8.0885,8.7559,12.695,14.2166,15.1384,12.9061,11.3768,8.4736,9.4048,7.7574,7.1433,6.9181,4.7309,1.2852,1.2575,0.3086,-1.18,-0.3118,-0.3163,-0.0715,0.5869,-0.2394,-0.5143,0.1948,0.6424,0.3006,2.1185,2.3522,2.5832,2.2803,3.6891,10.7553,14.4476,33.2079,61.5551,19.9073,-4.3191,-19.2858,-38.7523,-33.662,-39.8914,-40.0239,-37.4232,-37.3455,-36.0447,-34.1924,-32.4882,-34.5239,-33.3565,-33.5338,-32.8222,-30.5016,-28.3842,-27.1858,-26.5329,-24.5297,-22.2462,-21.5762,-17.5747,-16.5022,-14.685,-13.2971,-11.4549,-9.9326,-10.7064,-12.009,-10.8126,-10.1527,-8.7464,-8.6426,-8.7013,-7.1321,-4.4357,-3.9651,-2.4476,-1.4466,-0.8505,-1.4317,-1.7317,-1.4212,-0.4005,-1.4664,0.5732,1.0313,2.6457,2.464,3.9809,5.66,6.8126,7.6984,9.2368,9.786,11.0744,10.6776,12.1282,13.5487,14.0161,12.3115,12.9584,12.9215,13.0262,12.0511,12.3966,12.3003,12.0843,10.6063,10.4722,9.7417,10.0223,8.4212,8.187,7.2148,7.3214,6.4354,7.0291,7.1475,6.8798,6.1161,5.9041,5.6032,5.2873,6.597,5.1924,5.9817,4.909,4.8716,3.6258,2.2281,1.4432,0.6617,0.959,-0.3393,-0.8626,-2.255,-1.9923,-1.3994,-0.8778,-0.8438,-0.7336,-1.8862,-1.3417,-1.4001,-1.6618,-1.2861,-0.549,-1.3337
Q,Quarterly,HU,Hungary,P,Private non-financial sector,A,All sectors,A,Credit-to-GDP ratios (actual data),,,,Q:HU:P:A:A,,,,,,,,,,,,,,,,,,,,,,,,,,,,,,,,,,,,,,,,,,,,,,,,,,,,,,,,,,,,,,,,,,,,,,,,,,,,,,,,,,,,,,,,,,,,,35.323279251372,36.191235462571,37.254710504364,38.295602336719,39.276368765446,39.087957458672,39.186447719418,39.227264205624,39.098669052619,39.172975005191,39.253387616104,39.419283211638,39.64075894573,40.587485167448,41.862966979257,43.208847999031,44.438476809796,44.621549198961,44.922161270425,45.201279514822,45.369478691652,46.213458466736,47.263551050459,48.316678813745,49.208169955121,49.868124223303,50.537125824781,51.230018914482,51.827735706122,52.776046228697,54.082142819436,55.408896941025,56.56123072843,56.941646468457,57.48167593021,57.978501283629,58.646445723759,58.68116012278,59.137379774681,59.630144370214,59.886592478565,59.987541701183,60.031559082228,60.063836130387,59.876297063072,60.015433511399,60.282049931026,60.64788919577,61.059061645752,62.534514776995,63.06274952309,63.479034648669,62.927709448186,64.579517891151,63.831426050202,63.5918546488,63.106353639986,63.791382529228,65.126179175974,64.550020569234,64.200082567366,65.091720149315,66.207819179594,66.875393627646,66.64651580502,67.245295055171,67.234423291817,67.048632421855,67.357107726373,66.25402790085,65.446968618544,65.091772128894,64.712662709922,66.022999825274,65.802574645167,66.559932689931,61.146339738359,59.515454242284,58.940583836064,59.236362846889,59.812386982665,57.712928903278,55.477422119594,54.835195023256,55.547607774105,52.746277875465,52.845709004837,51.752272955099,48.207757810065,48.303481860081,47.472117521508,46.858055533943,47.021433299492,46.592275270562,47.968890762868,48.965984576508,49.151784832275,47.86397970268,47.399473991703,47.215183920464,44.960600867452,43.849701917456,43.929437659964,44.776732311114,48.334644924225,47.522407736157,48.609986232046,48.923748836535,50.117818043514,49.634109416614,50.853678432205,51.307331570782,49.584154800424,50.641615706636,51.892330474189,52.537048319699,53.304895064353,54.362342573839,56.784850952639,58.440680205509,60.082888285642,61.532648370636,60.265235011332,61.646442757792,62.017319912506,60.318977943463,62.353852728825,62.5602468949,61.542976029839,63.211509067725,67.581149234882,67.159022989619,72.047142868237,72.009010682508,74.944799799753,75.364047612788,77.428205374461,80.062004424479,83.509248144226,85.474787610815,88.16182853083,88.306127826317,94.545084709415,94.300184222635,93.621032532275,93.453084616599,98.071725183368,102.03055843402,108.668062931,110.74234698866,105.2234658224,110.51645055913,117.29089954513,135.44771727969,126.40517026471,125.57699335568,130.05966420747,129.3714578858,136.06871306522,128.29152590257,126.99191361099,120.52069803037,121.05896688529,125.99318673017,127.37954804677,121.31054837601,120.04390663537,115.37757657996,116.48242444409,118.98377847933,115.22905271706,112.45824136309,108.8341584577,108.03851925257,107.60978124296,106.13868617273,105.14079954485,100.09356562583,100.57171047991,96.539837597802,95.479934231481,94.317164261899,94.903998027125,90.163732295144,90.071310052661,88.411340841578,87.070384433248,86.103415629269,83.949883206856,82.965679747586,85.80577639541,84.044206230064,82.615929366073,82.016421267196,82.971126757679,82.275773597767,82.818541835339,86.208150727691,88.171266847376,90.555925425551,91.578297613585,97.696894518369,95.593961632233,99.641273974418,102.59041451586,101.60007068282,104.75077870951,110.46278992608,103.30690434003,99.254866408324,95.944539690824,95.836559543439,92.786845324847,94.178821117595,95.365469076211,94.792321603555,95.42233479287,92.208314558108,92.385810337221,91.242604332357,90.893226499439,89.503207795153
Q,Quarterly,IL,Israel,P,Private non-financial sector,A,All sectors,A,Credit-to-GDP ratios (actual data),,,,Q:IL:P:A:A,,,,,,,,,,,,,,,,,,,,,,,,,,,,,,,,,,,,,,,,,,,,,,,,,,,,,,,,,,,,,,,,,,,,,,,,,,,,,,,,,,,,,,,,,,,,,,,,,,,,,,,,,,,,,,,,,,,,,,,,,,,,,,,,,,,,,,,,,,,,,,,,,,,,,,,,,,,,,,,,,,,,,,,,,,,,,75.913203035742,77.651289168254,76.542806196612,76.90435121498,76.685241252181,74.270415274706,73.971764946331,75.021738208955,78.693263595676,80.517126863149,81.838779385764,81.363218455411,86.117365819491,85.652364247059,87.049302789933,88.014268259531,90.389703471269,90.373974251051,88.369174736727,86.547012426343,88.389388810398,88.57740518262,90.260726544161,90.015180828459,90.685089555101,90.475440410118,93.938727816927,93.728802845949,95.095131188339,94.099310838162,96.055611693787,97.787633910906,102.66642015971,101.53213840138,101.85582768861,104.63237524783,106.97832871775,106.28559008996,106.4625996474,105.69538456374,107.17484344764,107.95292127784,108.89065796925,112.51495742771,115.69405269531,118.48147361543,121.990099738,122.88684306108,120.48131359589,117.68003945411,114.36588534917,115.43888481948,116.87242715468,118.06022464789,118.19516143014,117.51341363865,116.64774444865,116.69674428182,120.13876304221,122.30484303054,121.75952140998,121.83983478176,120.18377719072,119.58903344719,122.16219689385,124.46798058016,128.84470585485,126.91104332761,126.91423898657,124.89041330863,125.72042042286,124.64542829254,120.94801360983,122.6753536247,121.34398856155,121.69746634151,121.94156054073,120.22299974927,122.0039962472,122.07764291041,121.57083006855,120.90942168244,119.95011844965,120.00330940244,118.85890979472,119.0561276104,117.66838806127,116.79228575975,116.45762298894,114.62028654974,113.59890182515,113.46758948792,112.46464165462,110.6973313241,111.10706257014,112.53509726212,110.55826765153,110.64418632497,108.46825400414,109.08355233466,109.65271929152,109.23097428418,110.77172892754,110.66246665326,110.78082928402,110.05787357348,110.36700401346,111.60025692468,110.30931582199,111.72363422633,111.75829250089,111.20057937965,110.4402285214,110.24656933839,110.34839504018,109.08704949773,109.93718813037,108.79353783026,109.54360458074,111.51226645438,113.58846551635,115.30271242198,114.33529156339,115.19899666688,115.92849417658,115.71465148559,117.12760934984,115.66946309569,114.44918178681,113.86894293688,113.67267913914,112.4157009109,111.76064291044,111.62996518912,110.99531651469,112.34012633921,111.45400150715,111.53759768973,112.35095922504,113.33863350273,115.04082509265,116.46634809484
Q,Quarterly,IN,India,P,Private non-financial sector,A,All sectors,B,Credit-to-GDP trend (HP filter),,,,Q:IN:P:A:B,,,,,,,,,,,,,,,,,,,,,,,,,,,,,,,,,,,,,,,,,,,,,,,,,,,,,,,27.0303,26.919,26.8448,26.8798,26.9352,26.9209,26.9027,26.8942,26.8724,26.7782,26.6858,26.5808,26.4541,26.2665,26.0869,25.9426,25.8473,25.7339,25.6681,25.6316,25.6086,25.5143,25.4302,25.3429,25.2117,25.0208,24.8548,24.719,24.6172,24.4979,24.4053,24.3694,24.3685,24.3035,24.2648,24.2647,24.3243,24.3801,24.4901,24.6644,24.802,24.9296,25.1233,25.3345,25.5701,25.7348,25.9495,26.2283,26.4615,26.6052,26.8329,27.0483,27.2527,27.374,27.5166,27.7421,27.9686,28.2015,28.5353,28.9878,29.4484,29.9381,30.5676,31.1627,31.686,32.1741,32.7216,33.2363,33.7809,34.3053,35.0086,35.6782,36.3867,37.1105,37.8976,38.6586,39.3063,39.8483,40.4751,41.119,41.7022,42.2247,42.8375,43.4345,43.9766,44.4876,45.1864,45.8269,46.3779,46.8683,47.4602,48.0525,48.6313,49.1403,49.7787,50.4044,50.9242,51.4142,51.9447,52.588,53.1129,53.5654,54.0534,54.6677,55.1141,55.5089,55.9053,56.4311,56.7874,57.087,57.5343,57.9655,58.3668,58.6924,59.0808,59.4984,59.8317,60.0554,60.3016,60.531,60.6422,60.6407,60.6266,60.6493,60.7008,60.7413,60.8273,60.9692,61.0096,60.8995,60.7877,60.6593,60.415,60.2257,60.0463,60.0361,59.9151,59.8376,59.7534,59.7923,59.7043,59.5577,59.3889,59.3239,59.1458,58.9343,58.8061,58.8557,58.8153,58.7536,58.6514,58.7233,58.6482,58.5974,58.6969,58.8427,59.047,59.2331,59.5235,59.8553,60.1456,60.4319,60.7664,61.1882,61.7877,62.3538,62.9696,63.659,64.2629,64.7633,65.302,65.9753,66.6046,67.2393,68.0914,69.0437,70.0103,71.2042,72.4212,74.006,75.4569,77.0447,78.5851,80.3953,81.8879,83.4583,85.0304,86.9121,88.585,90.3145,92.0149,93.8679,95.4654,97.0847,98.531,100.1128,101.5101,102.8084,104.2979,105.6984,106.9093,108.0133,109.2291,110.3846,111.3252,112.2993,113.3236,114.1164,114.7419,115.1832,115.4788,115.75,115.9287,116.1482,116.4518,116.6354,116.6485,116.6826,116.6957,116.4501,116.1301,115.476,114.9092,114.3074,114.0022,113.8163,113.9781,113.8661,113.6579,113.3361,113.0042,112.4785,111.8346,111.154,110.538,109.8081,109.4055,109.1812,109.0997,108.8501,108.3556,107.7593,107.331,106.8457,106.249,105.7023,105.0976,104.5429,103.9101,103.395,102.9111,102.472,102.0531,101.6124,101.2614,100.9575,100.7341,100.5201,100.5781,100.7948
Q,Quarterly,IN,India,P,Private non-financial sector,A,All sectors,C,Credit-to-GDP gaps (actual-trend),,,,Q:IN:P:A:C,,,,,,,,,,,,,,,,,,,,,,,,,,,,,,,,,,,,,,,,,,,,,,,,,,,,,,,-1.4614,-2.1019,-1.7011,-0.5668,-0.3465,-1.0803,-1.1053,-0.9827,-1.1161,-1.9299,-1.8785,-1.999,-2.23,-2.9416,-2.7953,-2.3019,-1.6364,-1.8441,-1.1837,-0.7725,-0.575,-1.5441,-1.375,-1.3963,-1.9953,-2.8148,-2.4019,-1.9136,-1.3745,-1.6069,-1.1749,-0.2897,0.2505,-0.7409,-0.3179,0.2913,1.2257,1.1378,1.9773,2.9619,2.3041,2.09,3.1165,3.3294,3.6518,2.3969,3.166,4.1529,3.2922,1.7172,3.0804,2.7958,2.5428,1.0744,1.4087,2.7742,2.7204,2.758,4.4023,6.3088,6.2816,6.61,8.8238,7.9986,6.5533,5.7698,6.6343,5.8912,6.2418,5.725,8.6462,7.8287,8.2812,8.3173,9.1765,8.4729,6.2828,4.2836,5.6284,5.7673,4.5582,3.3824,4.8467,4.4384,3.3655,2.7341,5.901,4.7291,3.0494,1.9181,3.6161,3.5218,3.189,1.8954,4.0755,3.7427,1.8074,1.2429,1.9071,3.8007,1.6498,0.3524,0.9564,3.1096,0.1238,-0.7716,-0.7234,1.534,-1.4379,-2.3773,0.2417,-0.0444,-0.5589,-1.8511,-0.7136,-0.1899,-1.6398,-3.4882,-3.0008,-3.2063,-5.1586,-6.9605,-6.9838,-6.15,-5.48,-5.5163,-4.5752,-3.4806,-5.1377,-7.5923,-7.4092,-7.4875,-9.2794,-8.0694,-7.6703,-4.5325,-6.3176,-5.3906,-5.353,-3.0769,-5.1837,-6.0485,-6.2645,-4.2933,-6.1286,-6.5315,-4.9102,-1.6994,-3.2059,-3.4841,-4.0866,-0.9633,-3.475,-2.9589,-0.2775,0.5295,1.5268,1.1699,2.9383,3.573,2.7549,2.6075,3.3665,4.7826,7.7199,6.9244,7.59,8.6482,6.927,4.9436,5.4663,7.6403,6.6652,6.5694,10.1442,11.5911,11.5117,15.1178,15.0912,21.0258,18.1194,19.9773,18.5948,22.7376,16.6085,17.4858,17.0234,21.8978,17.6717,18.1537,17.1391,19.2967,14.3375,14.3116,10.9175,12.9549,9.3996,7.4235,10.5216,8.6868,5.1646,3.1729,5.0158,3.8322,0.0085,0.5884,1.4395,-2.6026,-5.421,-8.4525,-10.7358,-10.8542,-12.1465,-11.1016,-9.336,-11.1471,-13.7813,-13.0314,-13.0272,-17.1337,-17.9375,-23.2083,-21.0483,-21.0605,-15.3422,-12.8465,-6.4764,-11.0284,-12.3795,-13.9969,-13.7762,-16.7399,-18.312,-18.4334,-16.7968,-18.2947,-12.1221,-8.6981,-5.9861,-8.7233,-12.7128,-14.1129,-10.8142,-11.4948,-13.0964,-11.8645,-12.5336,-11.3175,-12.3481,-9.9682,-9.1469,-8.1169,-7.5383,-7.7045,-5.9371,-4.9553,-3.4233,-3.1661,1.6246,4.3224
Q,Quarterly,NZ,New Zealand,P,Private non-financial sector,A,All sectors,B,Credit-to-GDP trend (HP filter),,,,Q:NZ:P:A:B,,,,,,,,,,,,,,,,,,,,,,,,,,,,,,,,,,,,,,,,,,,,,,,,,,,,,,,,,,,,,,,,,,,,,,,,,,,,,,,,,,,,,,,,,,,,,30.5947,30.9933,31.1719,31.1979,31.1204,31.2223,31.0734,30.9938,30.9641,31.1711,31.4676,31.8352,32.1664,32.7906,33.3881,33.9306,34.3813,34.944,35.3887,35.8484,36.2683,36.694,36.9336,37.2452,37.5672,38.053,38.4393,38.828,39.1403,39.6017,40.1079,40.6203,41.1627,41.685,42.2868,42.8831,43.4654,44.0731,44.5617,45.065,45.6554,46.3214,47.0954,47.9102,48.7987,49.6002,50.5544,51.3361,52.1484,52.9023,53.6909,54.5226,55.8936,56.9514,58.1757,59.89,61.5278,63.1992,64.9654,66.7458,68.6954,70.9436,73.0971,75.3556,77.4649,79.5772,81.5855,83.4912,85.3087,87.2275,88.7871,89.9915,91.3443,92.5477,93.488,94.4256,95.4336,96.4258,97.3425,98.3216,99.3232,100.4205,101.7025,102.9169,104.0171,105.1292,106.105,107.2332,108.2982,109.16,110.0494,110.9541,112.0026,113.102,114.0184,114.9241,115.7825,116.6337,117.5761,118.4707,119.7298,120.7953,121.9519,122.7835,123.7208,124.6363,125.6129,126.6945,128.0789,129.2587,130.5503,131.8967,133.2468,134.4837,135.5957,136.7253,137.9876,139.3379,140.6667,141.966,143.2844,144.6807,146.0667,146.9957,147.9058,148.8855,149.7901,150.6771,151.586,152.4975,153.3773,154.1948,154.9873,155.7863,156.7796,157.6397,158.74,159.954,161.2273,162.5852,164.1559,165.7663,167.5598,169.4386,171.3144,173.324,175.382,177.3299,179.2295,181.0824,182.9834,184.9399,186.9344,188.9557,190.836,192.5124,193.9386,195.1967,196.2456,197.0885,197.768,198.3261,198.7429,198.9667,198.9813,198.9548,198.8488,198.7391,198.6854,198.6171,198.5449,198.386,198.0427,197.6011,197.0936,196.5698,196.0842,195.63,195.1792,194.7497,194.3084,193.9019,193.4997,193.1587,192.7841,192.3585,191.9047,191.4023,190.8663,190.2852,189.7019,189.0999,188.5334,187.9298,187.356,186.7719,186.1303,185.5756,185.17,184.7111,184.312,183.9504,183.3429,182.7966,182.2495,181.687,181.0987,180.3734,179.5931,178.6366,177.6731,176.6239,175.5993,174.5819,173.5952,172.6745,171.8123,170.9955,170.2439,169.5765,168.9086,168.2052
Q,Quarterly,NZ,New Zealand,P,Private non-financial sector,A,All sectors,C,Credit-to-GDP gaps (actual-trend),,,,Q:NZ:P:A:C,,,,,,,,,,,,,,,,,,,,,,,,,,,,,,,,,,,,,,,,,,,,,,,,,,,,,,,,,,,,,,,,,,,,,,,,,,,,,,,,,,,,,,,,,,,,,0.4353,3.1811,0.9473,-0.6174,-1.682,0.2457,-2.472,-1.6691,-1.0823,1.6473,2.6659,3.4695,2.9749,6.5258,6.0878,5.2917,4.0264,5.4202,3.7691,3.9064,3.2997,3.3203,0.6757,1.6772,1.7926,4.1142,2.5934,2.5784,1.3985,3.5977,4.2009,4.2111,4.5833,4.1798,5.3269,5.1267,4.7978,5.0955,3.0876,3.2531,4.5821,5.7002,7.3251,7.8214,8.8436,7.2032,9.5518,6.4607,6.8128,5.6691,6.1102,6.6792,15.5811,9.9057,12.4631,20.4399,18.61,18.6962,19.8192,19.5364,21.9077,26.4267,24.1,25.2493,22.0114,21.4683,19.0988,16.8153,14.8406,16.1755,9.5512,3.1705,5.6392,2.9097,-1.7064,-1.7059,-0.4438,-0.7042,-1.9869,-0.8546,-0.4421,1.2212,4.3759,3.086,1.0279,1.2061,-1.1832,1.4822,0.3479,-3.1695,-2.6054,-2.2665,0.2806,1.1519,-2.0415,-2.1695,-2.9247,-2.9667,-1.3082,-2.0964,4.2572,0.795,2.3442,-3.3341,-1.4142,-1.7523,-0.6471,1.1847,6.3832,2.6683,4.5231,5.3441,5.2579,3.1548,0.9072,1.1859,3.447,4.8681,4.3597,3.7293,3.9539,5.1886,4.8641,-3.1679,-3.4047,-2.1075,-3.3443,-3.5553,-3.0771,-2.9471,-3.4095,-4.3914,-4.7005,-4.4542,-0.9737,-3.2475,0.9944,2.9322,3.8749,5.2262,8.7582,9.1982,12.1038,13.2378,12.8136,14.7674,15.1874,12.8575,11.6634,10.5265,11.0641,11.7112,12.0392,12.163,9.3844,5.5976,1.1143,-1.8217,-5.3867,-8.7952,-11.3738,-13.1516,-15.2245,-18.1339,-21.2393,-21.3531,-22.1254,-21.5703,-19.9948,-19.6836,-19.199,-20.1594,-22.7785,-23.8385,-24.3071,-23.9052,-22.5737,-21.3948,-20.736,-19.7846,-19.4337,-18.2845,-17.6965,-16.1399,-16.2694,-16.6911,-16.7109,-17.0813,-17.1813,-17.4785,-17.0247,-16.8697,-15.7815,-15.9802,-15.0147,-14.7715,-15.3503,-13.4157,-10.4611,-11.0882,-9.7439,-8.8218,-12.8239,-11.4045,-11.099,-11.0534,-11.1885,-13.2418,-13.8211,-16.4762,-16.1356,-17.1644,-16.2547,-15.6747,-14.7023,-13.1493,-11.7685,-10.6516,-9.2258,-7.5111,-7.3074,-7.7169
Q,Quarterly,CA,Canada,P,Private non-financial sector,A,All sectors,C,Credit-to-GDP gaps (actual-trend),,,,Q:CA:P:A:C,,,,,,,,,,,,,,,,,,,,,,,,,,,,,,,,,,,,,,,,,,,,,,,,,,,,,,,,,,,,,,,,,,,,,,,,,4.4194,0.7558,0.5394,-0.8209,-1.0091,-1.2752,-1.2637,0.483,2.7864,2.6171,3.2249,3.2064,4.7091,-0.993,0.257,0.406,0.5035,-1.1298,-1.4157,-0.9819,-0.4975,-0.2923,0.6608,1.5293,2.0292,1.8417,2.4517,3.0573,3.6628,3.4649,4.1829,3.6548,3.7386,3.065,3.6578,3.1876,3.0647,3.1661,3.8649,3.8568,3.7795,3.0997,2.4827,2.3695,2.7395,3.5947,4.9343,5.5408,5.6316,6.0429,6.2272,6.517,6.8997,7.6006,8.0704,8.1491,7.5079,6.991,7.2673,6.6004,6.6582,6.4682,7.3143,7.5223,5.5243,4.7151,3.6099,1.8855,-0.6378,-2.5335,-4.729,-6.9016,-9.0127,-9.6124,-10.3182,-11.0836,-11.7614,-11.1601,-11.2352,-9.7589,-9.3778,-8.7548,-7.2612,-6.4401,-5.3684,-5.0718,-3.2514,-3.0706,-2.4198,-1.328,-0.2647,1.2692,2.1496,2.9113,4.0746,5.4131,7.0351,8.2961,8.8127,9.2797,9.481,10.3186,10.7048,10.7414,11.4833,10.4238,10.6564,9.8683,8.6304,9.0447,7.9535,8.0189,6.5404,5.6747,4.0578,2.1113,0.8778,0.8492,-0.9049,-1.3991,-1.9239,-2.2877,-2.6824,-3.0364,-3.5891,-1.9173,-1.9622,-2.0464,-2.4597,-1.592,0.0554,1.4364,1.2682,-0.6487,-2.2217,-4.2594,-6.9951,-4.75,-5.8836,-6.6831,-8.4215,-5.8398,-6.0582,-3.4551,-2.7983,-0.0126,0.5316,0.8221,-0.7058,-3.833,-3.9675,-4.642,-5.0176,-2.2152,-2.9013,-3.8641,-4.0709,-6.7623,-5.2085,-6.2147,-8.4142,-8.14,-8.182,-6.08,-4.0456,0.8972,0.6373,1.71,1.8141,4.2719,2.6814,2.4456,4.908,7.6349,12.2491,15.9137,16.0128,13.5199,12.478,10.103,8.1421,7.5911,6.6055,6.9548,3.9654,3.6295,4.5373,5.6063,5.7384,6.9,8.0503,7.7974,6.8758,7.4448,6.7678,7.4078,6.3832,11.1429,12.0568,14.3547,15.4791,13.2449,15.2412,15.8113,13.5706,12.7843,11.0409,8.9902,7.5363,6.4151,7.2331,5.2114,4.8701,4.5786,5.8585,5.9584,4.5809,7.7037,17.1393,19.3187,20.0594,16.7579,9.053,4.826,-0.5849,-5.7971,-12.4285,-15.0988,-17.2695,-16.4004,-14.9643,-14.4784,-13.785,-15.9167,-15.6263,-14.789,-15.4875,-16.4202,-16.4613,-15.7085,-15.282,-15.2652
Q,Quarterly,CA,Canada,P,Private non-financial sector,A,All sectors,B,Credit-to-GDP trend (HP filter),,,,Q:CA:P:A:B,,,,,,,,,,,,,,,,,,,,,,,,,,,,,,,,,,,,,,,,,,,,,,,,,,,,,,,,,,,,,,,,,,,,,,,,,81.6103,81.8831,82.1353,82.2544,82.3541,82.4273,82.4998,82.7288,83.1631,83.5865,84.0653,84.5469,85.157,85.3088,85.5595,85.8223,86.0932,86.2394,86.3626,86.5164,86.7046,86.9072,87.1779,87.5113,87.8818,88.2418,88.6462,89.0952,89.589,90.0743,90.6119,91.1202,91.6389,92.1189,92.6412,93.1383,93.632,94.1363,94.6888,95.2463,95.8043,96.3256,96.8134,97.2977,97.808,98.3743,99.0268,99.7232,100.4331,101.1761,101.939,102.7285,103.5505,104.4245,105.3378,106.2681,107.173,108.0591,108.9721,109.8573,110.7561,111.6542,112.6118,113.5931,114.4696,115.3077,116.0888,116.7753,117.318,117.7495,118.0494,118.2155,118.2481,118.2313,118.1582,118.0241,117.8328,117.6574,117.4596,117.3292,117.205,117.1018,117.0709,117.0758,117.1323,117.1972,117.3594,117.5267,117.7267,117.9859,118.3046,118.7117,119.1718,119.6794,120.2592,120.9231,121.6898,122.5409,123.4354,124.3713,125.334,126.3606,127.4264,128.5117,129.6575,130.7607,131.8942,132.9996,134.0493,135.137,136.1763,137.2323,138.2158,139.1599,140.0195,140.7731,141.4587,142.1441,142.7293,143.2844,143.8069,144.3052,144.7769,145.2238,145.6337,146.1346,146.6298,147.1168,147.5767,148.0827,148.6816,149.3604,150.0318,150.5944,151.0648,151.4138,151.5975,151.8997,152.1287,152.3018,152.3634,152.5607,152.7359,153.0519,153.4003,153.9053,154.4417,154.9959,155.4629,155.7479,156.0189,156.2444,156.4406,156.7908,157.0977,157.3442,157.5724,157.6383,157.7831,157.8613,157.802,157.745,157.6723,157.7078,157.8512,158.274,158.6832,159.1555,159.6366,160.2628,160.8039,161.3358,162.0141,162.8582,163.9816,165.3369,166.7238,167.9925,169.223,170.3363,171.3527,172.3504,173.3034,174.2874,175.1097,175.9191,176.7869,177.7239,178.6777,179.708,180.816,181.9226,182.9885,184.0984,185.1814,186.3123,187.3961,188.7655,190.206,191.799,193.4804,195.0577,196.772,198.5441,200.2123,201.8571,203.4218,204.8858,206.2803,207.6223,209.022,210.3164,211.5997,212.874,214.2297,215.6008,216.9019,218.3911,220.4386,222.6401,224.9159,227.0333,228.7322,230.2014,231.3653,232.2268,232.6952,232.989,233.1326,233.2984,233.5206,233.7466,233.9892,234.086,234.1737,234.2845,234.3308,234.298,234.236,234.1909,234.1449,234.075
Q,Quarterly,AT,Austria,P,Private non-financial sector,A,All sectors,B,Credit-to-GDP trend (HP filter),,,,Q:AT:P:A:B,,,,,,,,,,,,,,,,,,,,,,,,,,,,,,,,,,,,,,,,,,,,,,,,,,,,,,,,,,,,,,,,,,,,,,,,,,,,,,,,,,,,,,,,,,,,,48.9516,49.4349,50.0238,50.5729,51.2494,51.8788,52.5517,53.2162,53.9405,54.5113,55.0361,55.481,55.9326,56.2978,56.6204,56.9065,57.2625,57.6043,58.0382,58.4693,58.9671,59.4394,59.9681,60.5363,61.295,61.9452,62.6651,63.3703,64.12,64.8395,65.6188,66.456,67.4068,68.2997,69.2467,70.1961,71.2476,72.2432,73.2884,74.3573,75.4338,76.4976,77.5908,78.6464,79.7287,80.7235,81.6705,82.544,83.3774,84.0503,84.6879,85.268,85.8376,86.2432,86.6822,87.1342,87.7217,88.2105,88.7147,89.2011,89.7303,90.1067,90.492,90.8722,91.3767,91.758,92.1666,92.5936,93.1254,93.5811,94.1286,94.6723,95.3133,95.7838,96.3213,96.937,97.626,98.2427,98.9379,99.629,100.3815,101.0429,101.768,102.4269,103.1364,103.722,104.3495,104.9899,105.6697,106.2725,106.8852,107.4436,108.0124,108.4479,108.9108,109.3173,109.7454,110.0274,110.3173,110.5971,110.9907,111.1891,111.5553,112.0235,112.5327,113.0066,113.6865,114.4815,115.2801,115.9099,116.6023,117.2874,118.013,118.6195,119.231,119.9849,120.8586,121.8817,122.9452,124.0746,125.154,126.1616,127.1482,128.1631,129.1527,130.0814,131.004,131.8925,132.6912,133.4995,134.2857,135.0194,135.7967,136.559,137.3555,138.1272,138.6345,139.1935,139.7509,140.3037,140.9091,141.2562,141.6652,142.1136,142.4483,142.6811,143.0344,143.4071,143.8656,144.3174,144.7102,145.0771,145.5539,146.016,146.4868,147.0175,147.5119,148.0109,148.5637,149.0804,149.5863,149.9218,150.2481,150.5185,150.7914,151.029,151.2955,151.5195,151.6127,151.7251,151.7973,151.8373,152.1151,152.3355,152.5523,152.7516,152.7358,152.8056,152.7548,152.6925,152.6038,152.4412,152.2508,152.1084,151.9763,151.8612,151.6787,151.4791,151.2705,151.0948,150.8828,150.6803,150.4739,150.3087,150.1954,149.977,149.7465,149.6125,149.8024,150.0899,150.4307,151.006,151.3383,151.6471,151.9294,152.0331,152.008,151.8749,151.6074,151.1564,150.5769,149.9467,149.2215,148.5063,147.7284,146.9349,146.0834,145.1795,144.2332,143.2658,142.1968,141.2348
Q,Quarterly,BR,Brazil,P,Private non-financial sector,A,All sectors,A,Credit-to-GDP ratios (actual data),,,,Q:BR:P:A:A,,,,,,,,,,,,,,,,,,,,,,,,,,,,,,,,,,,,,,,,,,,,,,,,,,,,,,,,,,,,,,,,,,,,,,,,,,,,,,,,,,,,,,,,,,,,,,,,,,,,,,,,,,,,,,,,,,,,,,,,,,,,,,,,,,,,,,,,,,,,,,,,,,,,,,,,,,,,,,,,,,,,,,,,,,,,,,,,,,,,,,,,,,,,,,,,,,51.965152819381,50.792634581462,47.44938028313,44.891845173916,44.046659034961,45.655896997627,46.623728776164,47.704430667628,49.136524524345,49.237326175897,49.434642055182,49.268258525319,49.658549923901,48.244178724098,49.253015424968,48.657330006449,44.2327347013,45.718075943147,45.025097489415,47.249426856669,49.0772974692,47.749900436567,50.976090419541,49.299189194033,49.732563101126,50.297025490625,55.655772912172,52.85629254791,52.098355180999,49.24651729751,48.653107498363,48.423519664079,46.418491098274,46.882897661864,45.932724534723,45.101660601174,45.46024256823,45.23081713618,45.527998497736,46.532098762147,46.688152905057,47.723152374887,48.537779040067,50.05910846089,48.169874020672,46.89911755261,47.233035813786,47.75060815961,49.303657159953,51.231592995604,53.254208079109,55.549746071045,54.598243444727,55.321124034947,56.666547821372,57.969646224955,56.139437169083,55.598960153613,57.518482469527,58.965867712061,58.882809946969,59.330349652812,60.034071358738,62.287613304272,62.500876044468,64.324704053004,64.75190375251,66.656660426489,66.604539178522,69.244455731087,68.984885322859,70.700088505543,69.819936141838,70.062643031394,71.711443972697,74.358363303121,77.311207055922,76.880763613499,81.635348710635,81.831109029657,78.774006568029,75.634599684526,74.788849991265,74.370719111222,72.763480780245,72.641879687484,71.253776024276,72.452204485246,70.58200459688,72.688315026265,73.252826818387,74.444906245869,74.465106131501,75.039398439531,76.280588698558,77.012980121118,81.697185360964,84.601238142831,87.056389601477,86.471147895811,86.947633329764,82.300236669006,83.612427201435,84.88956119585,82.263702237382,84.296276295949,85.658906508969,86.087171883286,84.788570846851,83.453742579655,85.246265810111,85.468111201607,86.383070038549,88.718496961425,89.314627232972,93.196465217612,91.322679135073,90.531296787416,90.573280260113,93.030679486621,92.528995240837
Q,Quarterly,NO,Norway,P,Private non-financial sector,A,All sectors,A,Credit-to-GDP ratios (actual data),,,,Q:NO:P:A:A,,,,,,,,,,,,,,,,,,,,,,,,,,,,,,,,,,,,,,,,,,,,,,,,,,,,,116.16532799451,117.17264531226,117.60967462772,117.77753593024,117.93620439238,117.77580427821,117.81418740853,117.94777211175,118.12514512326,118.01666469276,117.87348918455,117.6160846095,117.13520098327,116.91693105038,116.4567391968,115.85805403905,115.13309313602,113.93522269631,112.77558993349,111.73200502113,110.88884160216,111.48970022163,112.20599631665,112.88736550834,113.34785181156,113.12262675193,112.76171179975,112.43742096983,112.28267822122,112.69271405281,113.25184477752,113.83975878242,114.34920233649,116.15150191263,117.65253928428,118.71833963325,119.11262257132,118.09423976223,116.68874007593,115.2228700775,113.92632229765,113.72496052997,113.76096005323,113.91346729674,114.10151972033,114.72640753405,115.24670221967,115.62778081827,115.76394062131,115.91242528811,115.78884135033,115.40581317428,114.70947581032,114.07190002542,113.25843178503,112.38304125469,111.50990958425,114.79645149886,116.44839745231,116.50213784074,118.47069825103,120.05104736963,121.83447782339,122.81159760907,123.81053232088,126.22591632615,128.44091936147,129.82577640184,132.84668516872,133.80790216694,134.43291150956,134.46701662778,134.33612237457,134.16201868843,133.51311023718,131.55797756908,130.75999020617,127.34263277965,125.32645933561,125.66948996705,124.88919678181,126.11464353485,123.99885271932,122.51318224318,122.56770221058,124.05103395702,127.05224491242,128.87108195215,130.45499349226,131.4222324284,132.01107377142,131.32152520331,132.39109995049,134.27575482971,136.62578017731,137.08913948657,139.79087383141,140.22802225957,141.00490558901,141.84061113775,143.38127426298,144.60394513679,154.14630289957,157.86624870706,161.66193799852,164.07107980182,165.60194180795,168.5518263514,169.63176208399,170.42992567684,174.12684275112,175.3660911792,176.10598306129,178.91196726368,179.66981332352,178.23909018674,176.06242738942,177.33863110928,178.33843186654,174.95941958188,171.42140234965,169.53366221774,169.37868479584,164.38718877628,159.83591450161,165.68746149656,163.44668562129,161.20514722737,165.42460787659,163.93488957929,163.57195096861,158.63830750407,157.03650375393,155.13105488296,152.44045100193,151.08798685013,147.54969572238,145.98486047015,145.46617402239,143.89715956543,142.98297852779,143.1028426175,143.19903174124,141.48261082332,140.28949341073,143.20635090363,147.91370805125,148.86899297604,151.74070540006,155.89231483901,162.2882684112,163.64002146284,166.63024471737,168.99265998664,170.2862049485,167.00700125726,165.32784546205,162.56317571659,160.8348767925,163.6492423883,157.0753460597,157.22977629388,160.00219009729,159.08848428755,164.61314426038,169.88370183412,171.68906885042,173.8788286338,174.11968060893,176.72632493886,181.01933108753,179.09134235577,176.5257120147,180.47703993469,182.77780417698,183.20638932016,181.29725232231,180.82438232105,180.98029844776,179.20670011047,180.08452426862,179.34210459047,179.5200815711,180.79968224926,180.97466837613,186.82860910738,193.32060982611,193.90176264455,198.16321952173,202.51618370855,203.65737376665,205.22788050296,211.47811519252,215.55255010974,220.96602619114,221.3240899075,219.8898096427,217.88619744652,220.95646880091,221.03918651402,219.83068502129,219.65170379958,217.63790153261,214.47731264671,212.4123355628,222.18849184077,220.01057507356,218.35086766874,219.16592790856,219.04024864569,221.12527695686,219.48964987519,216.39590064668,215.49265060531,216.51423817298,217.05899547201,221.68180033889,227.87003212926,232.83143119802,237.51831430105,240.82808169955,245.69280553428,250.92087658354,252.24798066988,247.97615767094,244.01888453775,242.84954165203,237.52289894412,235.58840420931,231.73491041407,230.34698235392,225.16845792152,224.10226627139,225.17711264914,229.09884895867,233.78755218573,236.79321015566,245.50929711996,256.15144653333,262.11204734531,266.76657205452,266.61547132969,259.84250045949,248.94628384164,231.45717029991,216.5320433675,207.24319304477,194.18687891743,193.65574012772,197.31309579136,203.26643387978,216.1920508264,218.42495806209,222.15041841341,221.93111878316,221.42896624697,223.44315998108,219.02149017741,220.26587908203,220.42451111391,223.09188386609,224.17076720734
Q,Quarterly,AT,Austria,P,Private non-financial sector,A,All sectors,C,Credit-to-GDP gaps (actual-trend),,,,Q:AT:P:A:C,,,,,,,,,,,,,,,,,,,,,,,,,,,,,,,,,,,,,,,,,,,,,,,,,,,,,,,,,,,,,,,,,,,,,,,,,,,,,,,,,,,,,,,,,,,,,0.5642,-0.0273,1.0211,0.6027,1.9149,1.3872,1.8364,1.7154,2.3628,0.5675,0.0202,-0.9278,-0.8324,-1.8802,-2.3807,-2.8057,-1.8606,-2.0159,-0.7629,-0.7891,0.1292,-0.2224,0.5662,1.1101,3.7987,2.1702,3.1402,2.8655,3.4693,2.9499,3.7939,4.5943,6.2413,5.2189,5.9496,5.8613,7.3421,6.2973,6.9494,7.1722,7.1354,6.7658,7.0878,6.3094,6.5996,5.0008,4.0931,2.7729,2.0388,-0.6879,-1.2626,-2.1947,-2.3181,-5.0216,-4.3294,-3.9987,-1.596,-3.2314,-2.8838,-3.1122,-2.2981,-4.8498,-4.5654,-4.5312,-2.2789,-4.3297,-3.7451,-3.3248,-1.4335,-2.7046,-1.0474,-1.0869,0.6215,-2.3351,-1.1156,0.2651,1.5204,0.2314,1.5803,1.4642,2.4835,0.8408,1.9183,0.7208,1.5741,-0.6078,0.1304,0.3517,1.0199,-0.3368,-0.1565,-1.0914,-0.879,-3.1585,-2.5959,-3.4966,-3.0246,-5.4647,-5.1741,-5.2022,-3.0907,-6.3742,-3.2976,-1.4425,-0.6947,-1.284,2.3089,4.2335,4.1764,1.1428,2.192,2.0041,2.6485,0.5159,0.5881,3.0308,5.015,7.4559,7.9426,8.8599,7.746,6.2876,5.7483,6.0761,5.4685,4.261,4.0372,3.3341,1.6906,1.8065,1.3754,0.4295,1.1702,0.8782,1.4444,0.9762,-3.6209,-2.627,-2.5792,-2.5857,-1.6055,-6.0238,-4.7852,-3.9689,-5.8228,-7.4205,-5.1288,-4.6494,-3.0361,-3.067,-4.0008,-4.335,-2.3141,-2.5035,-2.2822,-1.1837,-1.7765,-1.6469,-0.6728,-1.2759,-1.4267,-4.3335,-4.3697,-5.214,-5.0225,-5.4927,-4.8391,-5.4381,-7.5455,-7,-7.4997,-7.8466,-3.5128,-4.4089,-4.3459,-4.5263,-8.1168,-6.41,-8.3147,-8.2777,-8.504,-9.5401,-9.7544,-8.6489,-8.2294,-7.7031,-8.6513,-8.7048,-8.6139,-7.805,-8.2125,-7.8173,-7.6643,-6.7362,-5.6519,-7.3086,-7.3119,-5.4384,0.3135,1.9912,2.8563,6.8308,2.4389,1.9619,1.4492,-1.6773,-3.8582,-5.6155,-7.7826,-10.7351,-12.6543,-13.1739,-14.4475,-13.867,-14.5627,-14.4216,-15.02,-15.5032,-15.7987,-15.7215,-17.0346,-14.7073
Q,Quarterly,FR,France,P,Private non-financial sector,A,All sectors,C,Credit-to-GDP gaps (actual-trend),,,,Q:FR:P:A:C,,,,,,,,,,,,,,,,,,,,,,,,,,,,,,,,,,,,,,,,,,,,,,,,,,,,,,,,,,,,,,,,,,,,,,,,,,,,,,,,,,,,,,,,,,,,,,,,,,,,,,,,,,,,,,,,,,,,,,,,,,,,,,,,,-5.0741,-7.0624,-4.9435,-5.0243,-2.9892,-3.2425,-3.6086,-3.6414,-2.3878,-3.7246,-3.4498,-3.5197,-0.1847,-0.5379,0.2003,-0.5613,2.1363,0.7492,1.7187,1.7799,3.0799,0.8304,0.9535,0.5104,2.422,0.8996,0.5045,-0.9145,-0.8788,1.3391,1.9577,1.682,2.5387,2.8667,3.4752,3.9596,6.8572,5.4891,7.5651,7.2457,9.5948,9.8245,9.8326,9.3571,13.5532,13.2867,13.3229,12.7367,13.6842,13.6491,13.1109,11.4996,13.7572,15.4868,16.3243,15.5593,12.9674,10.5441,7.3784,4.4024,4.3927,1.8782,2.2172,0.9106,-0.4526,-1.7377,-2.3855,-3.6603,-4.3615,-3.9651,-4.0381,-4.8983,-5.3959,-5.7775,-6.3326,-7.0269,-7.7175,-7.2331,-4.87,-3.9922,-2.5514,-2.7746,-1.6203,-0.009,0.3434,1.425,2.8716,3.1051,3.4509,3.3869,2.6132,1.651,1.4625,1.7316,1.5359,0.5186,-1.1735,-1.2424,-0.1076,0.1746,0.0298,-0.3737,1.2837,0.9447,1.7327,1.8925,2.9009,2.8331,3.3653,3.3847,4.9517,5.1539,4.4394,4.3987,6.3806,7.7748,7.9333,9.3704,10.2945,10.6448,10.4793,8.916,7.2739,5.9566,6.5457,5.9738,7.558,8.71,8.6574,9.4536,10.219,8.9289,8.1539,6.7383,3.9366,3.2778,1.7696,2.6907,3.9921,4.2208,4.2191,5.5825,4.8345,4.4175,5.1007,3.0058,4.2973,4.4246,4.9997,5.8744,5.0039,3.6804,2.9256,3.0679,3.9296,3.7056,3.2123,3.6748,4.3169,5.1652,4.2094,6.9069,19.7776,22.1173,23.778,19.88,11.3581,7.5651,4.8612,1.9702,-0.0807,-0.4934,-2.5695,-4.9571,-8.4785,-11.4131,-13.5083,-16.2281,-16.4282,-17.3149,-17.0204,-16.2119,-16.0413,-15.9505,-15.4671,-15.741
Q,Quarterly,CH,Switzerland,P,Private non-financial sector,A,All sectors,A,Credit-to-GDP ratios (actual data),,,,Q:CH:P:A:A,,,,,,,,,,,,,,,,,,,,,,,,,,,,,,,,,,,,,,,,,,,,,,,,,,,,,128.94975671119,129.40994094003,129.27524707782,127.93503177992,130.64454100275,131.2649561082,130.48161296335,129.84750708347,130.4896972376,128.64670205382,129.19904021234,128.41761287256,129.09036044277,132.86077877826,132.2003093102,130.06117270921,130.82218220032,130.35796816365,130.67033910222,131.05644869263,132.56835690441,131.76110221667,132.17474531774,132.37461751057,133.18776703711,132.02129081384,132.3961744597,132.46442025875,135.09313356906,136.89189247727,139.21277073709,139.2930051521,141.85338191445,143.56675634096,147.01444094017,148.81533485716,147.57557623257,146.57101730805,146.52304355464,145.14315762637,146.52010848508,144.8756515642,144.3095586712,141.13176858243,141.24154879226,138.66033669021,138.77304982399,137.43428543451,138.37532213176,135.14168380729,133.57572032294,133.38381567605,134.82696732995,133.26192491902,131.85073019986,131.36603189044,113.66087614955,115.12416447456,118.15919757303,119.78129208955,125.73545594194,125.93043416846,128.10454829729,128.26853635108,133.19097705369,132.05075957081,134.32145682442,134.92923480128,141.28062935774,138.75716475049,140.71970239772,141.12609126587,147.16062956947,145.16638480616,147.25549430128,146.8759121427,150.31986144874,150.57501078818,152.31299947781,152.00155587069,155.82299429846,154.95510845583,157.67099127454,156.38622829008,153.43505569317,147.71372110971,147.35980467961,151.23850457318,153.36197265118,152.99196345556,155.71164193194,156.56766856969,158.6731019985,156.66200797747,158.50034551139,157.88246182043,158.61367987482,159.28453549177,158.24153723153,157.56185300616,159.72839277125,159.42423531393,161.73151225626,162.95370477514,164.43223255638,165.6296919268,169.2579078402,170.16562592373,171.60909023313,175.24140016123,178.66767174349,180.94961601589,183.09492435912,187.79299972141,192.02535061491,192.12050061467,193.84876715983,194.45653337334,195.81246043869,195.04503563569,193.91985574684,193.39836838995,194.58387691986,193.4833942083,192.89219077693,192.93333510492,193.41757620453,193.19169641449,192.92312822991,193.66932106423,193.64259058226,191.79357572574,188.04035686105,187.95602276072,188.00679880042,188.07599982321,187.95234177968,188.56838009698,189.08004485028,188.49531953331,190.58197939394,192.76948721399,193.52154919666,192.7402604094,193.68759094545,195.71837683769,195.79926890569,193.88059721996,192.93808020947,192.03851397729,192.00784826456,189.91020587497,189.57760807988,194.12786863286,197.23411531798,198.92459845126,197.23024024912,193.17805385927,192.09173971973,189.49963105763,189.45087203882,195.63502341864,191.94913584797,188.14212428673,184.97371551544,187.05844207914,185.48781385182,184.78188564517,185.39524688043,187.41019795131,189.54628193305,192.18822997104,193.29351206932,197.7943328778,192.60362421046,192.05363808994,191.3221014884,191.39634661848,191.05054856401,189.51715559571,191.82575047312,186.27178565288,184.56126403252,185.3289924043,189.03859578003,195.66908984474,196.79744791046,195.79363274286,195.80904170565,194.33732010751,197.19203423276,197.55136503177,194.03491252465,197.14423086456,202.15408042755,204.14159450072,208.59708434551,209.09458334976,211.16521988488,209.71000225298,208.07484911737,214.37299250257,211.92233909917,214.42855741622,215.71870369462,216.91969572324,217.99547631427,220.54740045138,223.11822269764,223.63423955881,223.259135645,221.72150173685,224.21198434956,224.56115514992,225.22460444507,222.67241053783,224.34754383826,224.84500932679,223.87934684235,225.09278295857,229.25728128613,234.85128303037,234.10438011857,234.82523432989,236.40941157328,238.28904811952,242.16989039362,242.98560302852,247.31117142475,251.5704721655,244.5572374093,241.15373426569,239.63008714333,242.6226838483,246.41843436307,252.26213007188,261.09260997969,260.47984383139,267.60702939517,272.73792018771,271.76964203584,282.59368292503,279.27869548763,276.5399223038,271.63025331366,272.04961303802,270.59506266791,267.04102743886,261.97397638838,262.60552409079,259.78700637016,259.04489866598,253.62337338444,256.13397217754,259.77195387745,256.16239267657,254.18239559903,253.28014034146,249.54533102234,251.03259713756,251.94898371211,257.25087159197
Q,Quarterly,TH,Thailand,P,Private non-financial sector,A,All sectors,A,Credit-to-GDP ratios (actual data),,,,Q:TH:P:A:A,,,,,,,,,,,,,,,,,,,,,,,,,,,,,,,,,,,,,,,,,,,,,,,,,,,,,,,,,,,,,,,,,,,,,,,,,,,,,,,,,,,,,,,,,,,,,38.122819605578,38.851905998719,38.914845148212,39.830476075627,40.405124046288,40.179583577307,39.153772385149,40.595954322713,41.314985670966,42.382882527609,42.747951009632,44.156495511861,45.886912971377,45.13899003532,45.438671579168,47.344663346038,47.407867119634,46.870747526796,48.098029777971,49.994575852735,52.100161133054,53.439669353409,51.959072520132,51.994801493563,52.811636423855,55.98581414137,56.023315444123,57.587014167258,58.56291575778,61.421428831607,60.811643880076,61.600483418832,63.651497259456,67.067832520893,66.52847161427,66.229067707049,65.84278047275,63.422761503376,59.50306760677,57.353140823937,59.931414263798,63.321098745701,63.292723034046,61.798092560568,61.200507012639,64.85815555425,64.521038634604,63.731106834477,65.6109044044,69.09649892475,71.398809341889,74.704174118643,80.388547738531,82.939683760347,82.709958967122,84.093682823831,87.213648909336,90.040779716283,89.283807431287,88.110365876076,89.6162295401,90.092045093511,89.707465664754,89.656262947573,89.098806395422,91.606656191788,90.02233690293,89.504044826913,94.004208285976,94.900800926773,95.494887800426,96.194941997901,99.128549568399,101.2014710233,103.22470838834,104.40590353047,108.87007422122,112.71879480309,117.51741566751,124.00151092672,128.16718637991,130.47816497501,132.71863751162,136.8091236172,139.96252478249,141.53011446615,144.13955154098,146.58160907821,149.66381810283,152.91728075594,156.58708018863,157.72819192043,161.41501313531,164.37076966056,170.06771072102,177.35229489105,186.40459470313,188.60168567374,194.23264456227,198.89582901789,206.24058134458,211.22570066339,214.50187056004,213.97778974408,217.53776907776,219.7222512467,220.45873365161,234.23661737852,250.051320941,231.94453442491,235.18966282616,231.78854217656,227.37306282774,224.70301191309,216.41779915216,204.57852788945,193.14075522876,189.41691141763,179.93359653504,166.21541593487,160.86489478112,159.32325074716,149.03869520907,148.46866613537,143.53367725924,150.68908788012,147.71892854321,148.22491318101,146.68598125463,145.16179752565,145.02273485436,142.55839228222,137.81586396646,139.77789541988,139.98107998963,144.28691633044,140.98450927872,140.09167196249,140.69427459563,140.41355123197,139.62313772809,137.30910749154,135.98810238372,135.0657309875,133.60264877314,130.63901330098,130.30341341182,129.46841538293,128.14282737572,127.94989453361,128.77134962947,129.32081220695,132.39650828121,132.92620088569,135.66194760083,137.62180253573,136.6310043235,132.32515348565,131.0550508811,129.77609252167,133.78483077128,135.21197550844,137.11556256301,139.09206105994,144.93735964371,147.21667753295,149.1021756039,151.24122499734,150.12775239719,149.70594898039,152.70457474249,152.81903757509,156.70990800538,157.20397756458,158.13629029491,158.5641105939,160.92791066655,160.66654243027,161.97866892894,163.10132220208,164.39924152633,166.10784639034,165.43172220928,163.33522546581,161.75966582464,159.34014191911,159.38365927847,157.56586268138,157.96049572261,156.87165370854,157.43713050834,157.29844746937,158.91670418412,158.40010065847,158.03136169286,157.83868615899,159.3822059054,162.79370586479,170.14595251302,175.37281603801,180.95246958425,183.88976029503,181.47127336819,183.85061394667,184.14539068396,183.4120006411,182.32259286584,180.25290234157,178.65019804292,177.33315246098,177.54310127867,177.52704808184,177.57506015487,176.99984850285,174.47038696256,171.38976538844,170.55244354311,168.76302526685,162.49047576027,166.02647018615,156.30495681439,155.87395185961
Q,Quarterly,FR,France,P,Private non-financial sector,A,All sectors,B,Credit-to-GDP trend (HP filter),,,,Q:FR:P:A:B,,,,,,,,,,,,,,,,,,,,,,,,,,,,,,,,,,,,,,,,,,,,,,,,,,,,,,,,,,,,,,,,,,,,,,,,,,,,,,,,,,,,,,,,,,,,,,,,,,,,,,,,,,,,,,,,,,,,,,,,,,,,,,,,,108.1119,107.5529,107.1966,106.8249,106.6419,106.4308,106.1813,105.9238,105.7728,105.502,105.2498,104.9872,104.9962,104.9761,105.0145,104.9931,105.1808,105.2648,105.4232,105.5882,105.8514,105.9547,106.0679,106.1508,106.3688,106.484,106.5731,106.566,106.5602,106.7018,106.8862,107.0551,107.2822,107.5339,107.8288,108.1593,108.6793,109.1224,109.7034,110.275,111.0027,111.758,112.5278,113.2825,114.3066,115.334,116.383,117.416,118.5248,119.6516,120.7666,121.8051,122.9952,124.3085,125.6949,127.061,128.298,129.4124,130.3569,131.1382,131.9258,132.5731,133.2432,133.8404,134.3595,134.803,135.206,135.531,135.8094,136.1039,136.3878,136.6154,136.8061,136.9661,137.0846,137.1526,137.1693,137.2016,137.3592,137.5597,137.8373,138.0978,138.4207,138.8343,139.2682,139.7654,140.3486,140.95,141.5765,142.2049,142.7941,143.3317,143.8612,144.4086,144.9475,145.4299,145.8153,146.1948,146.6379,147.0972,147.5484,147.9763,148.4996,149.0053,149.5582,150.1231,150.7495,151.3767,152.0393,152.7086,153.474,154.2593,155.0115,155.7686,156.6477,157.6178,158.6097,159.6977,160.8545,162.0483,163.2499,164.378,165.4255,166.4086,167.4355,168.44,169.5459,170.7307,171.9267,173.1828,174.4986,175.7563,176.9837,178.1425,179.15,180.1259,181.0198,181.9698,182.9996,184.0491,185.1053,186.2473,187.3551,188.4466,189.5848,190.6101,191.7151,192.8343,193.9941,195.2126,196.3902,197.4995,198.571,199.6555,200.7949,201.9277,203.038,204.1803,205.3657,206.6072,207.8018,209.1592,211.2726,213.5534,215.9663,218.1924,219.9577,221.5221,222.9424,224.2033,225.3488,226.4703,227.4709,228.3291,228.9756,229.4386,229.7618,229.9056,230.0116,230.0395,230.0562,230.0921,230.1115,230.11,230.1106,230.0702
Q,Quarterly,FI,Finland,P,Private non-financial sector,A,All sectors,A,Credit-to-GDP ratios (actual data),,,,Q:FI:P:A:A,,,,,,,,,,,,,,,,,,,,,,,,,,,,,,,,,,,,,,,,,,,,,,,,,,,,,,,,,,,,,,,,,,,,,,,,,,,,,,,,,,,,,,,,,,,,,89.245890383314,85.436872161077,82.586312068982,81.25224645244,81.144844258917,80.854886893114,81.498362747219,82.279823773745,82.972277628735,83.219310976185,83.88213960936,83.955137381251,83.023455536255,82.338184512696,80.737128194808,80.356759376267,79.857192105302,80.499630642686,80.498100775768,81.181633775554,82.359019065234,82.93793326396,83.716661819031,83.238529422798,83.936934456011,83.251890455856,84.014962782448,85.73804421029,88.806335293969,87.617781762234,87.502848026468,87.862076298543,88.946035188515,86.951258087788,85.875658294937,85.821908720206,87.403597090625,87.412968281607,88.191698755572,88.037472878071,87.330732107737,86.984961569663,87.478704783887,88.547277306076,89.271274251282,90.754846537706,92.077561031351,93.551908594885,93.434102399754,94.465620110182,94.705890463426,95.528888184979,94.416476304402,93.983901897976,93.907111083359,94.80000219314,95.351042677165,96.13879305768,95.846626606573,97.008141152287,99.495480476612,100.162559705,102.52079040017,102.66009394786,102.43728061558,101.94654128128,103.22675285794,105.97301759017,108.01525335719,107.57119965815,108.00024259713,107.995478742,114.23632445569,114.9556279746,115.97051750349,116.95096562914,115.46257518222,117.46846254243,122.21108179219,126.75906281284,128.85102429459,130.68134036801,133.61861310338,138.80052362985,141.74589290777,147.4079411646,153.39844682345,159.59538998909,163.60955174987,159.8232684368,156.24015617673,152.18272056206,145.556901564,145.32520795763,143.25679502083,140.20570975089,136.92415705594,132.44575526602,127.78116993456,124.06107302617,118.55651263064,117.14784185711,116.93640347401,116.0236760625,115.36960567735,116.71689588463,117.41568394026,117.95232879855,116.64883553806,113.91776488982,111.82024916687,109.92223049025,108.69931973586,111.78149715952,114.70560011049,113.84029446756,112.36444738667,114.18271658651,115.59539091632,121.3769744927,121.79402577977,121.54199734262,121.91251932212,120.16464344665,117.40092522802,124.44938010136,122.98733658736,122.21497264417,119.52842899488,120.0575371678,123.12619815776,124.01440346957,125.40174275281,126.95763883455,129.06245967222,129.09690884837,128.94211325366,129.22013697522,132.37785578993,132.38868129919,133.95540062915,137.56910069733,140.721422624,142.08558785901,140.00786759304,141.18242570738,143.15597720423,143.40608920788,144.81687595892,144.57889616366,148.95482341196,152.16577154968,156.1376143483,161.30573497851,166.98494893484,164.42240430343,165.22629102815,169.18773368281,172.64634372376,170.80878617216,167.16981934339,168.02565468543,167.88004253957,167.63355667083,168.51787204978,169.52882265995,170.20679564461,170.77621461639,172.1042230185,176.84595394031,176.80709578415,176.71153703658,177.18197319862,176.54380812531,176.38991954382,176.84453965626,183.38684996721,188.16819579268,191.65034998677,194.35932047618,190.57623506128,187.25420337591,185.70428260594,183.42960861532,180.9736831126,182.78173709136,184.6310217335,186.94459335877,188.12403763139,187.8404039247,188.88709141468,188.89506022842,187.10765184019,187.90639085503,186.44291822146,186.30848415812,184.67830520128,185.39380588096,189.68773826122,191.00154577783,192.81432566089,195.22261640045,193.70108537447,192.6164683718,190.9327716229,190.93236595098,189.75748124127,188.81998926536,188.73090724632,185.78332677063,184.01047914106,182.7848658161,182.8387758466,182.22628805621,181.88595415768,180.91785239301,179.55697669366,178.50696583552,178.02301060152,177.32875782918,176.17238673762,173.39516358864
Q,Quarterly,IE,Ireland,P,Private non-financial sector,A,All sectors,A,Credit-to-GDP ratios (actual data),,,,Q:IE:P:A:A,,,,,,,,,,,,,,,,,,,,,,,,,,,,,,,,,,,,,,,,,,,,,,,,,,,,,,,,,,,,,,,,,,,,,,,,,,,,,,,,,,,,,,,,,,,,,,,79.675285221623,79.742352693195,78.705453402435,76.067868190089,73.182535258741,75.365256583143,73.12096413616,74.793808251387,71.751548951822,73.806308428713,75.402330177152,77.750361686889,78.812989158552,80.927090974677,84.151634553366,83.018761003365,79.828637895638,79.846873428113,79.019611166931,75.630837047013,74.119717825374,73.421668631459,73.892992291802,70.989487720518,69.195551400232,68.275713401034,69.198249968976,67.6793220091,66.233615246137,69.638101263193,74.682285333995,74.194889151521,75.790622116415,73.445962312531,75.205530984813,74.195933649936,73.619303579054,75.83999248326,79.287252857558,78.301550340072,80.001499684205,80.912603459411,81.699792267135,81.210568714243,79.632745125939,82.347887474838,77.045307919665,76.046262263771,76.245047037865,75.918987100004,78.846859165862,79.537992874566,79.098278807442,77.741954373762,77.629349921448,78.303008410428,77.739317945026,73.587649199798,77.091804091165,75.770713960071,73.982890575127,75.825578203692,76.071505348015,75.522274417844,77.634811153263,78.704298868007,77.914219865283,77.476702609839,78.221428184395,77.123410276843,75.182744889003,71.539570719467,71.612967972351,71.531372934596,70.609789923271,70.408098786265,71.085765147233,75.216727700047,76.445272498713,79.081454126156,81.115219412091,82.17570333333,82.403587709446,81.756052155729,82.166825593819,81.82117921554,86.440062589893,88.843879973346,86.850412011896,85.155677504245,88.718837973864,86.554061987814,85.765057446401,84.677143224564,86.812995310388,86.495694516929,86.936090300494,86.338385509165,88.389440946389,87.413615948316,87.613646161419,87.619363502722,87.979716216225,88.938723941515,94.335109282015,95.819783792546,97.1220478092,101.59452146356,102.72124218959,103.11277690809,106.01170059284,110.38641713145,117.9676726293,121.4682836411,127.9855151523,132.83326845839,127.87293688372,129.98214299225,128.21747794252,128.01002313685,129.41078805772,128.13042553966,134.38394618097,134.45275513576,136.63626426368,135.42147849919,132.54072873378,126.53859057669,129.45387574005,133.39255962782,141.36602058407,142.62788404676,141.82587168265,147.21714364216,159.06300265195,158.19875737256,160.92437299158,170.77449298043,176.84152753369,190.63650230899,203.17845466781,208.06067503249,213.71312159489,218.31134971578,220.78653217356,226.16534073836,227.07279268921,239.67459897938,252.14477793609,265.22678981875,283.18135387565,288.18533926652,291.81073714562,298.08141197004,302.57906642681,304.54744336675,301.9634558496,293.88927385419,310.229015625,311.00895582525,307.63428663592,311.40086877217,313.11225655081,319.9000951226,324.64189675112,323.86746872955,311.34027049598,296.58838353334,289.99170595848,283.71725666218,283.28893537768,280.98383645136,269.79231306426,270.66478635208,278.31909237891,377.69832521132,345.52636847993,318.26926657435,305.58994293602,311.1681427276,314.95049023736,302.48638112332,302.90312940158,319.08015833721,296.76291595548,286.57112757214,277.25191560674,266.29200469003,267.43315482651,265.71817647662,270.68840773753,260.38413739745,255.68053075246,250.8059303976,233.67485494011,245.87954775299,246.08304919592,224.24723538873,214.8146900034,205.41395524189,194.47689839719,187.13139305682,180.79521980094,178.35833620258,176.29592954296,177.39922422912,161.95495488835,159.1484433238,160.60029976233,164.86633075786,160.64660947255,146.13274868665,149.81908900028,146.76324985916,144.34674151972,137.16099790683,127.86787540168,124.0183941797,123.34518210779,129.26052187005
Q,Quarterly,NO,Norway,P,Private non-financial sector,A,All sectors,B,Credit-to-GDP trend (HP filter),,,,Q:NO:P:A:B,,,,,,,,,,,,,,,,,,,,,,,,,,,,,,,,,,,,,,,,,,,,,,,,,,,,,,,,,,,,,,,,,,,,,,,,,,,,,,,,,,,,,,,,,,,,,114.1351,114.0403,113.9571,113.8948,113.8545,113.8718,113.9328,114.0221,114.1172,114.2186,114.3043,114.3554,114.3506,114.2986,114.1897,114.0237,113.8047,113.8328,113.9761,114.1162,114.3846,114.7469,115.2108,115.7167,116.2635,116.9409,117.7286,118.5674,119.558,120.5631,121.5609,122.515,123.4175,124.2681,125.0405,125.6597,126.2017,126.5144,126.6906,126.8748,127.001,127.1884,127.2409,127.2002,127.1587,127.1982,127.4025,127.6981,128.0684,128.4758,128.8976,129.2612,129.6674,130.1603,130.7628,131.366,132.0942,132.8175,133.5545,134.3079,135.116,135.9591,137.2955,138.7883,140.4365,142.1582,143.9022,145.7451,147.5802,149.3916,151.3382,153.2805,155.1902,157.1809,159.1369,160.9385,162.5484,164.1607,165.7596,167.105,168.195,169.1268,169.9998,170.5508,170.813,171.3644,171.7541,171.9871,172.4217,172.7402,173.0079,172.9764,172.8369,172.5765,172.1562,171.6545,170.955,170.1721,169.3664,168.4822,167.5584,166.6539,165.768,164.8018,163.7873,162.9518,162.3893,161.8875,161.5503,161.4437,161.6843,161.9867,162.4388,163.0018,163.614,164.0236,164.3234,164.4571,164.486,164.6616,164.4665,164.279,164.2427,164.1519,164.3605,164.8465,165.4124,166.0767,166.73,167.5014,168.4797,169.3182,169.9856,170.8427,171.7935,172.7327,173.5321,174.2739,174.9937,175.5863,176.2001,176.7456,177.2751,177.849,178.4056,179.256,180.4265,181.5847,182.9314,184.4661,186.0069,187.5765,189.4292,191.4373,193.6688,195.8397,197.8526,199.6797,201.6028,203.455,205.1669,206.7978,208.2492,209.4628,210.5049,212.0275,213.3633,214.5455,215.7136,216.8161,217.9758,218.9875,219.7755,220.4657,221.1665,221.8515,222.7446,223.9255,225.3193,226.9047,228.6008,230.4889,232.583,234.6634,236.4234,237.8885,239.219,240.191,241,241.5457,241.9705,242.0711,242.0819,242.1232,242.3507,242.8017,243.3786,244.3905,245.9308,247.7285,249.7045,251.5904,253.0259,253.7975,253.5631,252.4913,250.9149,248.6435,246.3836,244.3662,242.7124,241.7952,241.011,240.4386,239.8574,239.253,238.7644,238.0371,237.3885,236.7576,236.282,235.8712
Q,Quarterly,NO,Norway,P,Private non-financial sector,A,All sectors,C,Credit-to-GDP gaps (actual-trend),,,,Q:NO:P:A:C,,,,,,,,,,,,,,,,,,,,,,,,,,,,,,,,,,,,,,,,,,,,,,,,,,,,,,,,,,,,,,,,,,,,,,,,,,,,,,,,,,,,,,,,,,,,,-0.2087,-0.3154,-0.1962,0.0187,0.247,0.8546,1.3139,1.6057,1.6468,1.6939,1.4846,1.0504,0.3589,-0.2267,-0.9313,-1.6407,-2.2948,0.9637,2.4722,2.3859,4.0861,5.3042,6.6237,7.0949,7.5471,9.2851,10.7124,11.2584,13.2887,13.2448,12.8721,11.952,10.9186,9.8939,8.4726,5.8983,4.5582,0.8282,-1.3642,-1.2053,-2.1118,-1.0737,-3.242,-4.687,-4.5909,-3.1472,-0.3502,1.173,2.3866,2.9464,3.1135,2.0603,2.7237,4.1155,5.863,5.7232,7.6966,7.4105,7.4504,7.5327,8.2653,8.6449,16.8508,19.0779,21.2254,21.9128,21.6997,22.8068,22.0516,21.0383,22.7886,22.0856,20.9157,21.7311,20.5329,17.3006,13.514,13.1779,12.5789,7.8544,3.2264,0.4068,-0.6212,-6.1636,-10.9771,-5.6769,-8.3075,-10.782,-6.9971,-8.8054,-9.436,-14.3381,-15.8004,-17.4454,-19.7157,-20.5665,-23.4053,-24.1872,-23.9002,-24.585,-24.5754,-23.5511,-22.5689,-23.3192,-23.4978,-19.7455,-14.4756,-13.0185,-9.8096,-5.5513,0.6039,1.6533,4.1915,5.9909,6.6722,2.9834,1.0045,-1.8939,-3.6511,-1.0124,-7.3911,-7.0492,-4.2405,-5.0634,0.2527,5.0372,6.2767,7.8021,7.3897,9.2249,12.5397,9.7731,6.5401,9.6344,10.9843,10.4737,7.7652,6.5505,5.9866,3.6204,3.8845,2.5965,2.245,2.9507,2.569,7.5726,12.8941,12.3171,15.2318,18.0501,17.6505,17.6514,22.0489,24.1152,27.2973,25.4844,22.0372,18.2065,19.3536,17.5841,14.6638,12.8539,9.3887,5.0145,1.9075,10.161,6.6473,3.8053,3.4524,2.2241,3.1494,0.5021,-3.3796,-4.9731,-4.6522,-4.7925,-1.0628,3.9445,7.5121,10.6136,12.2273,15.2039,18.3379,17.5846,11.5528,6.1304,3.6305,-2.6681,-5.4116,-9.8108,-11.6235,-16.9026,-17.9796,-16.9461,-13.2518,-9.0142,-6.5854,1.1188,10.2207,14.3836,17.0621,15.0251,6.8166,-4.8513,-22.1059,-35.9593,-43.6717,-54.4566,-52.7279,-47.0531,-39.446,-25.6032,-22.586,-18.2882,-17.9263,-17.824,-15.3212,-19.0156,-17.1226,-16.3331,-13.1902,-11.7004
Q,Quarterly,NL,Netherlands,P,Private non-financial sector,A,All sectors,A,Credit-to-GDP ratios (actual data),,,,Q:NL:P:A:A,,,,,,,,,,,,,,,,,,,,,,,,,,,,,,,,,,,,,,,,,,,,,,,,,,,,,,46.932171003248,46.459334589524,47.987120177095,50.196558997623,52.285044588971,52.963168251358,53.356361425836,54.810061919751,56.276522933638,56.723104534599,57.774447434858,58.826258679278,59.567176312365,60.072175414593,60.329831345575,59.6034958781,60.458171432357,59.986831588385,60.324396153052,61.421760792854,63.692752255234,63.134553616116,63.010588671243,63.323365732261,64.336771321716,65.252609046395,66.451980298946,68.424732059889,68.890360537381,69.440246747189,70.974077048398,72.876820447479,72.887185859442,74.022673259137,74.57455271082,75.797267562964,77.506415437911,77.923417948812,77.401554948725,78.18493930241,77.112601108879,76.977166541981,77.642724533986,78.968392375933,78.813947655494,80.871038619292,81.49716557749,82.377067288679,84.185513383057,86.319390433262,90.222809461847,92.278648337238,93.11812357372,95.174596898652,96.894245202736,97.975420042416,97.927982378332,98.24849354357,98.749573828559,99.852681765981,100.02700844112,103.06632337543,104.5770146683,105.62332266218,107.09910184075,110.04479276825,112.19437105314,117.22074437287,120.33331956002,124.57853103509,127.57579026702,132.48749750691,135.70862415102,138.44324352934,140.09781461188,144.4841952948,144.46433552825,145.83232616964,146.84163748471,149.54906039517,149.59005764101,151.11376191021,150.72783223396,151.35017945801,151.54352559773,150.13113676513,151.00223788782,150.74875805795,153.00171797406,152.13120884896,151.75642432708,153.08033816034,153.73870214271,153.06851403227,152.24570573688,153.76992031351,153.99803651031,153.58698911821,152.90800970351,153.32308673362,154.7264927515,156.02111444676,155.99129036036,160.95755504915,163.81182025554,168.35797611252,165.83483432663,168.65091128666,170.94457785872,175.17855899733,175.52027763512,181.48129454607,184.60153554745,187.28447438152,185.61938014258,185.75727110369,188.51537610503,191.68586786268,193.31520154501,194.55242532571,197.14689324492,195.44363445879,195.15813546959,197.66601863713,199.52778728246,200.90656321742,203.46605932926,205.23639509914,207.86482089976,206.70865660852,205.7161652191,208.55048031933,212.27813788048,213.52145305022,213.53243330046,214.69654466894,214.43599729796,216.20514206599,213.81435439677,213.07065856075,216.56136771939,218.71789865592,219.91200015731,221.78278748694,229.24180022137,233.70281348805,236.4774878262,227.53390292086,233.65549720989,234.66226702057,238.57558609173,240.04465161482,245.73240512896,247.75496392353,251.32042994571,253.71046251047,254.17493248885,255.76984179045,257.90940202,260.38544917347,255.87150856605,255.85570575604,254.91426252794,257.08445750799,256.48486666987,254.62193087612,257.46419204714,257.21946129532,257.93340183428,260.37399431075,263.36881417511,274.68141941016,274.01282866676,273.24750058774,273.57910491459,275.68308385411,275.84450799096,281.81527254301,283.23472019285,281.08311298838,279.83977707906,277.93218284541,279.18978346557,276.35814711584,278.21750779478,276.95677973574,277.50160449629,275.70850217217,278.69383612633,280.81314420185,279.4106277725,278.99454123028,283.57007129387,288.56870087074,292.77510254428,292.41944850829,299.63726783076,305.1841494343,307.12080271836,309.90266333652,311.77041435821,316.84661343562,318.90605020526,324.29021552802,327.35662903577,331.81645238269,333.67935128485,333.80465167183,335.02212664509,336.66206199512,337.66507606838,337.4007325435,337.40796343185,339.31486882637,340.12164050056,346.44170585947,352.50262770037,350.815603095,348.18709794511,346.33775564635,345.82882829194,345.33097559601,352.08302118239,349.13363089247,350.58395334421,348.65278378445,348.61082701748,344.90519560065,344.57575960653,340.35462918811,337.59275171889,335.0030163518,331.86897793561,327.92531818036,324.80114322813,320.15571987297,322.6894988064,329.87104391972,332.06906336149,329.89090169887,343.07903291593,334.9361891781,327.92494214779,321.62573382884,315.96725090245,311.46530630844,310.18939937945,301.48920087806,291.2301491605,288.2290757132,287.55161816267,285.21812008629,280.5980398687,277.70953733845,275.50229529587,272.7067692098,269.71905077349,266.50236910436,264.87631561885,263.88777109952,263.42988413228
Q,Quarterly,US,United States,P,Private non-financial sector,A,All sectors,A,Credit-to-GDP ratios (actual data),,,,Q:US:P:A:A,47.060190285428,47.573557478739,47.87667465787,48.046789997951,48.59859732216,49.153797806636,50.182298298199,51.461317594711,52.924488485182,54.689762346208,55.790479163262,56.070107444908,55.675477361794,54.823562299011,54.12245121918,53.90860984347,53.975066657058,53.643074743181,54.768132175861,55.618467501904,56.66153950861,56.621035058431,57.093835885355,57.261584069086,58.004239193269,58.411272680479,59.879116621465,61.281839318006,62.534024710326,62.632366815523,63.834861256383,64.248963652749,65.24872201657,65.329245010124,66.471420422133,67.053664036077,67.94058083899,67.693351573187,68.658645805233,68.753533850569,69.525366522519,69.874438988331,71.102803738318,72.044205873066,73.253883318614,72.58464196778,73.217598097503,73.507776049767,74.61113773603,74.248336400963,75.705235577598,76.139950878169,77.525144042406,77.9070859616,79.230114805836,79.667994928455,80.506047669868,79.453564278875,80.137618986639,80.327181208054,81.553172993335,81.607923385447,83.067130378518,83.567658081493,84.770099615656,84.300396474075,85.217167900861,85.343081947743,86.393746804003,86.315600545624,87.309625348042,87.267325364472,87.518523508016,86.829969479177,87.493897946763,86.761857026502,86.869313990656,86.462554132219,87.463136188398,87.660819058289,89.909645909646,88.313038516405,88.919923126201,88.510677657172,89.31019269103,88.28899750416,89.35788426717,89.155813314001,89.961576257862,89.157474020783,90.187211885256,90.591590459131,91.406144457643,90.876659127773,91.831624199543,92.129536179736,92.517394570233,92.461334623231,93.702117163412,93.859418630346,94.646183914785,94.755329254854,95.772607144837,96.245584343098,96.334368148733,96.280643829963,97.93775499882,98.417128895932,98.620546837081,97.15802661,96.885168878448,96.176419612315,95.854412724791,94.189688940092,94.207603157718,94.141834671912,94.670189625952,94.823044193271,95.922699417703,96.214738246082,97.070887322421,97.06674471697,98.130109331761,98.446765928435,98.478695356353,97.781792768905,99.169152535586,100.03511883301,100.6306794934,100.75135762358,100.29835955077,100.83068877825,101.4205944371,100.0356350468,100.17020645076,99.523494163362,99.407301159174,99.682976067559,100.60320816569,101.2305068888,101.93794485316,101.66016663843,102.48776146616,102.91102941176,103.43244749279,103.18863387394,104.37515582797,104.89545284775,106.58115487969,107.56626418256,109.19422365437,110.43530963336,113.11044019359,113.27973142335,114.97435151895,116.86042529688,119.38538635805,119.39687473021,121.05490669746,122.04971002486,122.65349878997,122.86622631776,123.90736257194,124.17456286306,124.91558649269,124.4604837352,125.02285140396,124.72934960191,125.24705757232,125.47429757761,125.51697292838,125.18638694639,125.06994235405,124.39768478035,124.69286532489,123.75769611081,123.11245711966,122.03679428214,121.02852084428,120.18721215663,119.2248545893,118.15853930588,118.27081513339,118.49016836831,118.84586392167,118.76578338198,118.89777198992,118.83806962665,119.37548457923,119.20097714139,120.16123279926,120.6948418905,121.46955070519,121.80301049662,122.34502025066,122.49337060176,122.34885499729,122.11922517362,122.70447544083,123.50848565707,124.07589579775,124.85961969323,126.95361109772,128.06570519998,129.39517203521,130.40456565162,131.34388134822,133.08973719952,133.94912874078,134.83067452039,135.6943923568,136.23458361236,136.71966988425,136.29213103844,138.40500584605,140.42398029589,141.40867564266,141.99989681293,143.17720914523,144.19247613441,145.61824852916,146.0746548167,148.49360127368,149.19347445417,149.31457825068,149.66837645008,150.58426895141,151.41798697668,153.24687581213,153.30799032841,154.82875154634,156.01368385391,157.34326492423,159.02296904812,160.9434962114,162.26518048655,163.86109180926,164.93321808411,167.48386982642,169.23976477373,170.59580980016,171.40678018353,171.18174928719,171.97973855436,170.67511856925,170.29544349175,170.91271671642,170.7795442135,169.20474096995,167.2564352169,164.67530066327,162.60720620247,160.36611131323,158.73098760009,157.379589309,156.55483697857,155.76206631848,154.16852382031,153.14834417769,152.71294909657,152.41004186675,151.22533356099,151.28745492825,151.28943193446,151.34750831942,151.22545179971,150.96349220179,150.17849335269,150.36638483655,149.6959955567,150.4386258042,150.78608805759,150.54375512435,151.20992797627,151.87276558806,152.73136968536,152.24775989237,152.52497045034,153.16431792669,153.23897203509,153.93372458839,153.04995289124,153.70626692725,153.16837542954,153.23916292794,153.14516521579,153.36915279231,153.47387385694,152.95192775293,156.03791266079,161.79251850108,162.82940135049,164.11390262815,164.40151520411,162.42129875793,160.65918968237,159.28673819263,158.00386161388,156.79984305498,155.02667963994,153.44895335181,151.66372116458,150.09367724492,148.48652180181,147.08686694353,146.08344672328,145.17496526159,144.56073843008,142.53099654328,141.59512680762,141.03444967534,140.5980749438,140.21234263293,139.67804445996
Q,Quarterly,DE,Germany,P,Private non-financial sector,A,All sectors,C,Credit-to-GDP gaps (actual-trend),,,,Q:DE:P:A:C,,,,,,,,,,,,,,,,,,,,,,,,,,,,,,,,,,,,,,,,,,,,,,,,,,,,,,,,,,,,,,,,,,,,,,,,,,,,,,,,,,,,,,,,,,,,,-2.0058,-3.5983,-3.3781,-2.8326,-1.3014,-1.8736,-0.9038,-1.1575,0.4053,0.0459,-0.0978,-0.6642,-0.5238,-1.3255,-1.2362,-1.6429,-1.402,-2.4486,-2.2628,-2.361,-0.8803,-2.5531,-2.5475,-3.0073,-2.2147,-3.6243,-2.9763,-2.9773,-1.7777,-3.6586,-2.9851,-3.2134,-1.6547,-2.3803,-1.7105,-2.2011,-1.0403,-2.6225,-1.5976,-1.4359,1.4432,1.8474,2.6988,2.6696,3.2702,1.6849,2.1172,2.5564,3.8549,1.6825,2.1839,2.0068,2.4651,0.4522,0.8254,0.5306,1.1136,0.5112,-0.06,-1.3617,-0.3908,-2.1669,-2.6341,-3.762,-4.078,-5.3824,-5.6715,-4.8946,-4.6104,-5.9754,-5.664,-6.0479,-5.3973,-6.5201,-6.2131,-6.1851,-5.0158,-5.1306,-6.6836,-7.0644,-6.4653,-7.6238,-7.3074,-5.7414,-5.0714,-5.1257,-4.46,-4.3201,-4.4706,-2.7442,-1.1561,0.3919,2.7889,0.2556,0.6723,1.4215,2.246,-1.6779,-0.5026,-0.3457,0.407,0.9069,2.0322,2.7394,3.8669,3.853,4.3674,4.3626,4.9801,4.465,4.5404,5.1994,7.0011,3.9081,5.3842,6.0464,8.5937,10.0553,11.6474,11.0348,15.569,14.7499,13.9265,13.4316,11.8734,9.9134,10.6864,9.8595,9.6044,9.0324,9.0489,8.0031,6.2512,2.2853,-0.0154,-2.0014,-3.8391,-5.1832,-4.3641,-4.1975,-4.409,-3.721,-3.4171,-3.9162,-5.5404,-7.9865,-8.6713,-9.9963,-9.7378,-10.5178,-10.3548,-9.8543,-8.0555,-6.6696,-5.4006,-5.4732,-5.2557,-6.9064,-7.1494,-8.0821,-9.8606,-13.2159,-13.715,-12.5196,-12.0127,-12.1508,-11.5543,-11.5642,-11.4297,-9.9882,-9.1513,-8.6296,-8.452,-8.9557,-8.5797,-9.5331,-12.8802,-11.7886,-11.2629,-10.7222,-10.3996,-9.2743,-8.4132,-7.1808,-6.6329,-5.938,-6.1068,-6.1864,-5.8975,-6.1596,-4.6606,-3.5863,-3.7532,-2.5061,-1.1532,-0.8249,-0.3569,0.83,6.0138,8.1246,9.3977,11.0661,8.0335,6.9639,6.4439,5.4978,4.9012,5.9409,4.3589,2.0688,0.4432,-1.3984,-2.7029,-3.405,-3.7079,-3.6567,-4.3557,-3.5614,-3.5086,-3.7205,-4.3481,-4.1759
Q,Quarterly,TH,Thailand,P,Private non-financial sector,A,All sectors,C,Credit-to-GDP gaps (actual-trend),,,,Q:TH:P:A:C,,,,,,,,,,,,,,,,,,,,,,,,,,,,,,,,,,,,,,,,,,,,,,,,,,,,,,,,,,,,,,,,,,,,,,,,,,,,,,,,,,,,,,,,,,,,,,,,,,,,,,,,,,,,,,,,,,,,,,,,,,,,,,,,,,,,,-6.2233,-3.2369,-3.6246,-5.3075,-6.0171,-2.7694,-3.4496,-4.4841,-2.9768,-0.1099,1.4411,3.795,8.1614,9.292,7.7532,7.8132,9.4705,10.7267,8.5498,6.1265,6.3578,5.6057,4.0948,2.9905,1.4823,2.9363,0.4646,-0.8518,2.6169,2.4873,2.079,1.7928,3.6184,4.52,5.3147,5.2634,8.2953,10.5574,13.5658,17.9661,19.9026,19.9532,19.9077,21.5814,22.2465,21.3482,21.4543,21.3669,21.8587,22.4538,23.3768,21.8284,22.7388,22.8757,25.5602,29.5574,34.9586,33.5347,35.3843,36.1655,39.3836,40.1365,39.174,34.616,34.1168,32.2944,29.1558,38.4701,49.1396,27.091,26.3918,19.4096,11.8224,6.2832,-4.2692,-17.5958,-29.7859,-33.9713,-43.3195,-56.0924,-60.1706,-60.3331,-68.6584,-67.24,-69.9221,-60.9215,-61.8913,-59.427,-58.9393,-58.3737,-56.44,-56.7233,-59.0573,-54.8351,-52.4221,-46.1823,-47.4049,-46.2098,-43.5954,-41.8919,-40.6989,-40.9488,-40.1833,-39.0211,-38.3734,-39.1206,-37.2825,-35.9596,-35.1175,-33.1968,-30.3712,-27.9107,-23.1538,-21.0283,-16.9015,-13.7079,-13.4572,-16.3331,-16.1569,-15.9739,-10.778,-8.2901,-5.4753,-2.7371,3.5126,6.0441,8.0555,10.1842,9.1061,8.7269,11.5883,11.549,15.0639,15.1523,15.627,15.5747,17.3314,16.4839,17.1448,17.564,18.0991,18.9652,17.5006,14.7465,12.6128,9.7786,9.4127,7.2929,7.3692,6.0277,6.3142,5.9096,7.1789,6.3497,5.6958,5.2354,6.4333,9.3217,15.763,19.8186,23.9555,25.3315,21.5304,22.4395,21.2938,19.2062,16.8666,13.7024,11.1316,8.9544,8.3259,7.5053,6.7787,5.4922,2.4202,-1.0084,-2.1275,-4.082,-10.1614,-6.6206,-15.7957,-15.6623
Q,Quarterly,TH,Thailand,P,Private non-financial sector,A,All sectors,B,Credit-to-GDP trend (HP filter),,,,Q:TH:P:A:B,,,,,,,,,,,,,,,,,,,,,,,,,,,,,,,,,,,,,,,,,,,,,,,,,,,,,,,,,,,,,,,,,,,,,,,,,,,,,,,,,,,,,,,,,,,,,,,,,,,,,,,,,,,,,,,,,,,,,,,,,,,,,,,,,,,,,66.1547,66.558,66.9173,67.1056,67.2177,67.6275,67.9706,68.2152,68.5877,69.2064,69.9577,70.9092,72.2271,73.6477,74.9568,76.2805,77.7431,79.3141,80.734,81.9838,83.2584,84.4864,85.6127,86.6657,87.6165,88.6704,89.5577,90.3558,91.3873,92.4135,93.4159,94.4022,95.5101,96.6814,97.91,99.1425,100.5748,102.1614,103.9516,106.0354,108.2646,110.525,112.8109,115.2277,117.716,120.1819,122.6853,125.2147,127.8051,130.4634,133.2103,135.8998,138.6763,141.4951,144.5075,147.7949,151.446,155.067,158.8483,162.7303,166.857,171.0892,175.3278,179.3618,183.421,187.4279,191.303,195.7665,200.9118,204.8535,208.7979,212.3789,215.5506,218.4198,220.687,222.1744,222.9266,223.3882,223.2531,222.3078,221.0355,219.6563,217.6971,215.7087,213.4558,211.6106,209.6102,207.6519,205.6253,203.5355,201.4627,199.2817,196.8732,194.613,192.4032,190.4693,188.3894,186.3014,184.2896,182.3054,180.3221,178.258,176.1715,174.0868,171.9761,169.7596,167.5859,165.428,163.2603,161.1467,159.1426,157.2315,155.5503,153.9545,152.5634,151.3297,150.0882,148.6583,147.212,145.75,144.5628,143.5021,142.5908,141.8291,141.4248,141.1726,141.0467,141.0571,141.0216,140.9791,141.1163,141.2701,141.646,142.0516,142.5093,142.9894,143.5965,144.1827,144.8339,145.5373,146.3002,147.1426,147.9311,148.5888,149.1469,149.5615,149.9709,150.2729,150.5913,150.8439,151.123,151.3889,151.7378,152.0504,152.3356,152.6033,152.9489,153.472,154.383,155.5542,156.997,158.5583,159.9409,161.4111,162.8515,164.2058,165.456,166.5505,167.5186,168.3788,169.2172,170.0217,170.7964,171.5077,172.0501,172.3982,172.6799,172.8451,172.6519,172.647,172.1006,171.5363
Q,Quarterly,CA,Canada,P,Private non-financial sector,A,All sectors,A,Credit-to-GDP ratios (actual data),,,,Q:CA:P:A:A,,,,,,,,,,,,,,,,,,,,,,,,,,,,,,,,,75.963817765047,75.952608662645,78.734479887328,77.124326828942,76.400083198958,73.559485774814,74.044300824453,73.312492969756,73.842691144896,72.371267785373,71.196909772617,71.091461673291,73.155661247182,74.354801540538,78.261134861138,81.659153796453,80.038633939694,77.023302453806,77.760188375782,76.860059984116,78.794209492853,76.651597813574,77.406617650152,77.809632532434,79.558842877072,78.098726313833,82.289295730316,83.068227072171,80.430641027844,77.407651665274,78.321565781963,77.474252240695,78.521723142886,77.111934037108,79.422426976623,79.007603220665,80.114759609065,79.483584307841,82.977284794352,84.369735753841,86.02966342741,82.638928728885,82.674723059231,81.433426736556,81.345009083166,81.152065187235,81.236102233976,83.211783722616,85.949492074836,86.20356106711,87.290279798304,87.753289919421,89.866071692112,84.31573160678,85.816510241211,86.228242706815,86.596630924827,85.109583222338,84.946944224134,85.534510359868,86.207158438357,86.614844093771,87.838689269571,89.040602863856,89.911027285417,90.083525076985,91.097934579411,92.152427525788,93.251762967169,93.539276627268,94.79479159544,94.77505781347,95.377521349785,95.183924306436,96.298978881361,96.325887795771,96.696710099315,97.302371684148,98.553759613449,99.103069228081,99.58373452157,99.425286596669,99.296091960081,99.667237766233,100.54750750992,101.9690064063,103.96112664115,105.26401403376,106.06472171785,107.21898101737,108.16620202552,109.24541648109,110.4501878306,112.02508202483,113.40827546352,114.41718318362,114.68097031054,115.05010406211,116.23941266154,116.45772336438,117.41427100732,118.12231440583,119.92606564458,121.11539893353,119.9939156066,120.02278140933,119.69870347627,118.66076791887,116.68025490506,115.21597232841,113.32037050684,111.31389502811,109.23532282259,108.61895136333,107.83994256864,106.9405011003,106.07136980952,106.49722028261,106.22440075311,107.57020965357,107.82724716648,108.34696743122,109.80973776141,110.63564537211,111.76391600833,112.12540049547,114.10799062714,114.45602743146,115.30684667197,116.65790305772,118.03994219038,119.98082392698,121.32135439313,122.59073865106,124.33387687519,126.33628751291,128.72491110962,130.83696168083,132.24814732328,133.65099469793,134.8150469949,136.67920939167,138.13117555641,139.25318110187,141.14079624038,141.18448849701,142.55062293214,142.86789797023,142.6796541376,144.18170624305,144.12984444238,145.25121148086,144.7562838253,144.83456739874,144.07729208861,142.88435838745,142.33647149142,142.99323683743,141.82440877343,141.88531671496,141.88302123203,142.01749772912,142.0945019058,142.18736773793,142.04462721874,144.21734526837,144.66754816346,145.07048073884,145.11702167542,146.49078834665,148.73698456278,150.79680100818,151.2999868162,149.94567189612,148.84317594477,147.15441547826,144.60243648598,147.1497503063,146.24507199076,145.6186790115,143.94193501141,146.72092930316,146.67769041864,149.59676185296,150.60194330838,153.89266099368,154.97333287156,155.81794820351,154.75716557175,151.9149139045,152.05142198578,151.60238799534,151.4229561816,154.57565038984,154.19641457817,153.48008126921,153.50149094391,150.87605895819,152.57463319034,151.64659624169,149.38779816966,149.60494884501,149.49022193224,151.62784998303,153.80561591443,159.17118268806,159.32044922283,160.86546962658,161.45065384769,164.534679527,163.48534953472,163.78141100892,166.92218237207,170.4930590553,176.23071003281,181.25053237542,182.73657923777,181.51244731751,181.70096503135,180.43933258051,179.49476845805,179.94143926588,179.90887907511,181.24212967602,179.07509485289,179.54861140154,181.32415777999,183.33023700642,184.41605493867,186.60796078653,188.86635038671,189.71995476552,189.86430258531,191.54321510641,191.94922210047,193.72018840397,193.77933107357,199.90845503497,202.26276098055,206.15363573374,208.95947179545,208.30252797057,212.01323739077,214.35544451741,213.78292648609,214.6413615358,214.46267514164,213.87594501832,213.81665585215,214.03740889185,216.25503378352,215.52784968993,216.4697462735,217.45256617104,220.08827434496,221.55922754106,221.48279515189,226.09480321903,237.57789133713,241.95884869092,244.9753144186,243.7912221843,237.78522576947,235.02740467461,230.780442445,226.42971349866,220.26669377372,217.89022078422,215.86305089906,216.89802560972,218.55636413046,219.26817739242,220.20412781461,218.16925669463,218.54746493605,219.49543624183,218.84331317067,217.87775142945,217.77476127331,218.48241301588,218.86285123181,218.80977615095
Q,Quarterly,FI,Finland,P,Private non-financial sector,A,All sectors,B,Credit-to-GDP trend (HP filter),,,,Q:FI:P:A:B,,,,,,,,,,,,,,,,,,,,,,,,,,,,,,,,,,,,,,,,,,,,,,,,,,,,,,,,,,,,,,,,,,,,,,,,,,,,,,,,,,,,,,,,,,,,,,,,,,,,,,,,,,,,,,,,,,,,,,,,,,,,,,,,,,,,,87.2034,87.319,87.4687,87.7008,87.9773,88.3595,88.8243,89.3772,89.8804,90.4305,90.961,91.5188,91.9537,92.3262,92.6673,93.0502,93.4474,93.8746,94.2539,94.6894,95.2685,95.8586,96.5724,97.2552,97.8849,98.4471,99.0599,99.8139,100.657,101.4283,102.1859,102.9035,103.9664,105.0212,106.0862,107.1586,108.0906,109.0959,110.3329,111.7801,113.2848,114.829,116.4751,118.3484,120.311,122.5146,124.9684,127.6744,130.4988,132.9956,135.1871,137.0568,138.4712,139.8034,140.9536,141.8727,142.5555,142.9433,143.0353,142.8938,142.4278,141.8744,141.3035,140.6775,140.0134,139.4233,138.8703,138.345,137.7463,136.9987,136.1421,135.1916,134.1879,133.3697,132.7238,132.0386,131.2822,130.6381,130.0816,129.85,129.641,129.4177,129.2148,128.9161,128.469,128.4153,128.2783,128.0985,127.7724,127.4805,127.361,127.2902,127.2942,127.3802,127.576,127.7653,127.9377,128.1176,128.462,128.7943,129.1996,129.7879,130.5284,131.3188,131.9688,132.6599,133.4343,134.1949,135.0053,135.7734,136.7526,137.8726,139.1707,140.7067,142.5011,144.0947,145.6764,147.4184,149.2878,150.9902,152.4309,153.8623,155.2291,156.5271,157.8196,159.1131,160.389,161.6412,162.9117,164.3862,165.7971,167.1425,168.4547,169.6736,170.828,171.9527,173.3813,175.0086,176.7576,178.582,180.124,181.4159,182.5614,183.5246,184.3007,185.1281,186.0078,186.9638,187.9319,188.832,189.7385,190.5945,191.3034,192.0107,192.5931,193.1267,193.5315,193.9398,194.5473,195.1861,195.8826,196.668,197.3251,197.8813,198.3069,198.6979,198.9913,199.2032,199.3827,199.3748,199.2495,199.0406,198.8211,198.5555,198.2607,197.904,197.4662,196.9674,196.441,195.8772,195.2524,194.4806
Q,Quarterly,FI,Finland,P,Private non-financial sector,A,All sectors,C,Credit-to-GDP gaps (actual-trend),,,,Q:FI:P:A:C,,,,,,,,,,,,,,,,,,,,,,,,,,,,,,,,,,,,,,,,,,,,,,,,,,,,,,,,,,,,,,,,,,,,,,,,,,,,,,,,,,,,,,,,,,,,,,,,,,,,,,,,,,,,,,,,,,,,,,,,,,,,,,,,,,,,,0.1274,-0.334,0.01,0.8464,1.294,2.3954,3.2532,4.1747,3.5537,4.0351,3.7449,4.0101,2.4628,1.6577,1.2398,1.7498,1.9037,2.2642,1.5927,2.3187,4.227,4.304,5.9484,5.4049,4.5524,3.4994,4.1669,6.1591,7.3582,6.1429,5.8144,5.0919,10.2699,9.9344,9.8843,9.7923,7.372,8.3725,11.8781,14.9789,15.5663,15.8523,17.1435,20.4521,21.4349,24.8934,28.43,31.921,33.1107,26.8277,21.053,15.1259,7.0857,5.5218,2.3032,-1.667,-5.6314,-10.4975,-15.2542,-18.8327,-23.8713,-24.7266,-24.3671,-24.6539,-24.6438,-22.7064,-21.4546,-20.3926,-21.0974,-23.0809,-24.3219,-25.2694,-25.4886,-21.5882,-18.0182,-18.1983,-18.9178,-16.4554,-14.4862,-8.473,-7.847,-7.8757,-7.3022,-8.7514,-11.0681,-3.9659,-5.291,-5.8835,-8.244,-7.4229,-4.2348,-3.2758,-1.8924,-0.4225,1.4865,1.3317,1.0044,1.1026,3.9158,3.5944,4.7558,7.7812,10.193,10.7668,8.0391,8.5225,9.7217,9.2112,9.8116,8.8055,12.2023,14.2932,16.9669,20.5991,24.4839,20.3277,19.5499,21.7694,23.3586,19.8185,14.7389,14.1634,12.6509,11.1064,10.6983,10.4157,9.8178,9.135,9.1925,12.4597,11.01,9.5691,8.7273,6.8702,5.5619,4.8918,10.0056,13.1596,14.8927,15.7773,10.4523,5.8383,3.1429,-0.095,-3.327,-2.3463,-1.3767,-0.0192,0.1921,-0.9916,-0.8514,-1.6995,-4.1958,-4.1044,-6.1501,-6.8182,-8.8532,-8.5459,-4.8596,-4.1845,-3.0683,-1.4454,-3.624,-5.2648,-7.3741,-7.7655,-9.2338,-10.3832,-10.6518,-13.5915,-15.239,-16.2557,-15.9823,-16.3292,-16.3748,-16.9861,-17.9092,-18.4604,-18.418,-18.5484,-19.08,-21.0854
Q,Quarterly,SG,Singapore,P,Private non-financial sector,A,All sectors,A,Credit-to-GDP ratios (actual data),,,,Q:SG:P:A:A,,,,,,,,,,,,,,,,,,,,,,,,,,,,,,,,,,,,,,,,,,,,,,,,,,,,,,,,,,,,,,,,,,,,,,,,,,,,,,,,,,,,,,,,,,,,,81.294010556588,82.607436990053,80.471500334579,82.732280093944,82.941349251844,84.484812071093,85.197714117802,89.737073812503,95.905780194707,106.01126739815,103.79341160265,104.51101685378,105.90937645504,102.96875981935,99.857186100721,95.04895697896,90.584047835883,88.976249316521,88.964116190393,93.910421904277,95.317898276641,95.120425821351,93.087417753222,94.662076693162,97.574179261098,97.945536347858,97.173292897194,99.245685535292,98.960874895331,99.687981394702,100.03412805547,103.11567708367,102.45010012319,102.26707696342,102.89203586322,104.99062156761,109.94853535338,112.21172581557,110.74256774752,114.60123887808,117.27519670254,118.49025936984,121.99446462891,126.79298807104,128.23674827428,127.6147691954,126.41188921867,130.65256640964,136.34224391138,136.59832379147,139.66872242358,139.1823964301,145.70163727576,145.01512667976,144.38131352041,143.68686217064,145.20672008704,143.44349265409,143.78435024759,142.82482320593,140.09369838069,142.7569720885,141.43816428066,140.41186755803,134.88542055246,130.61853005023,131.10110520986,130.8648376326,125.91267300041,121.66590783605,124.61028080639,119.25108079779,119.33938652605,118.8509271121,120.57689863858,126.20381412523,128.92779863716,124.55123615942,126.15523320953,123.57001863549,123.7818736768,128.04544331625,123.67116329567,123.96548204577,124.20304155563,122.08507118343,125.9040572038,125.36509871576,124.57500951148,124.07562226717,125.02548029089,123.76322424593,123.90051772552,122.8930351376,123.09619038462,124.6780404918,122.41568819805,128.0634392046,135.16726187055,136.36616965756,141.07873459776,141.65810855059,148.08715993803,149.38006594985,151.19677341014,153.87786777261,153.73031786292,158.89706934039,158.70229490973,154.15431139456,154.05644247365,152.71667948761,155.7880236315,155.62537510592,155.81663829147,153.25286573022,152.81205806821,148.1137508909,149.55259392001,147.94164916786,147.20852930785,149.29602589915,152.04961651703,156.89615897455,166.00385180171,165.1447901982,164.98906702894,164.95834350939,162.24477704658,159.50382613172,167.78821942154,167.11239813267,167.67013112375,160.98967714159,156.30257182796,151.15959004215,148.90446007279,146.04890119685,144.9939925474,143.11770266372,144.49216335908,142.65095914878,141.52355906418,138.63290773687,135.02599835496,135.0872586333,136.98066545819,133.58271631312,139.17348098817,146.51383295305,149.25041049249,152.84301502167,156.25532190745,153.86688246931,155.43739186697,156.31038059751,156.52628188833,150.4666252038,144.03140162598,146.18742449955,147.71903847758,155.07105313097,159.69102936558,159.57991327452,161.25063340241,162.31171766019,163.40357643709,170.47628295972,175.70689650882,181.76737734127,184.91787113492,187.81948529206,191.57554382421,193.20063178165,197.86985413387,202.95800423759,201.49834764462,198.05590638523,201.12639920634,200.2808392822,204.45692484774,203.28297100647,204.86962211044,204.72585162611,201.92355339372,198.66987270836,202.03458042044,199.12235209044,201.63789018669,198.51102546392,199.90609305343,197.9467626648,198.29202891072,199.09324283638,202.60432138396,203.15779279948,209.85609493512,212.0062334244,218.9924703083,223.31198273267,230.68149640849,223.09896156458,219.56886460371,207.95173605559,199.34811960736,186.05664987656,170.77557006806,164.64151622659,163.53369363525,160.28839458873,171.45299901944,171.09420276175,172.61165880125,168.7070336723,168.41245448448,160.17005002758,159.79438698477,163.02257791422,162.64752744159,165.24433359968,171.18158196282,167.8219916952
Q,Quarterly,IL,Israel,P,Private non-financial sector,A,All sectors,C,Credit-to-GDP gaps (actual-trend),,,,Q:IL:P:A:C,,,,,,,,,,,,,,,,,,,,,,,,,,,,,,,,,,,,,,,,,,,,,,,,,,,,,,,,,,,,,,,,,,,,,,,,,,,,,,,,,,,,,,,,,,,,,,,,,,,,,,,,,,,,,,,,,,,,,,,,,,,,,,,,,,,,,,,,,,,,,,,,,,,,,,,,,,,,,,,,,,,,,,,,,,,,,,,,,,,,,,,,,,,,,,,,,,,,,,,,,,,,,,,,,,,,,0.5911,0.4818,0.5268,3.0129,4.8704,6.2035,8.0761,7.388,3.7141,-0.0335,-3.9577,-3.526,-2.79,-2.3334,-2.8826,-4.1452,-5.4823,-5.8682,-3.0657,-1.6416,-2.8385,-3.3677,-5.4773,-6.4493,-4.3902,-2.7097,0.8032,-1.8166,-2.4541,-4.9483,-4.605,-6.0644,-9.8883,-8.3726,-9.8116,-9.568,-9.4296,-11.1333,-9.4291,-9.4197,-9.9449,-10.572,-11.4292,-11.2675,-12.2287,-11.8533,-12.9777,-13.5376,-13.5363,-14.9339,-15.4618,-15.0983,-15.5564,-16.6883,-15.6777,-13.7394,-15.1045,-14.4237,-15.896,-14.6269,-13.4502,-13.2549,-11.1966,-10.7944,-10.1831,-10.3854,-9.5857,-7.9423,-8.7628,-6.9684,-6.5659,-6.7354,-7.077,-6.8535,-6.3525,-7.1578,-5.9123,-6.6105,-5.4704,-3.2326,-1.0107,0.7489,-0.1238,0.7823,1.5108,1.3054,2.6469,1.1971,0.0495,-0.4302,-0.5201,-1.607,-2.0629,-1.995,-2.4041,-0.9161,-1.6168,-1.3601,-0.4256,0.6233,2.2892,3.5989
Q,Quarterly,IL,Israel,P,Private non-financial sector,A,All sectors,B,Credit-to-GDP trend (HP filter),,,,Q:IL:P:A:B,,,,,,,,,,,,,,,,,,,,,,,,,,,,,,,,,,,,,,,,,,,,,,,,,,,,,,,,,,,,,,,,,,,,,,,,,,,,,,,,,,,,,,,,,,,,,,,,,,,,,,,,,,,,,,,,,,,,,,,,,,,,,,,,,,,,,,,,,,,,,,,,,,,,,,,,,,,,,,,,,,,,,,,,,,,,,,,,,,,,,,,,,,,,,,,,,,,,,,,,,,,,,,,,,,,,,106.5838,107.4712,108.3638,109.5021,110.8236,112.2779,113.914,115.4988,116.7672,117.7135,118.3236,118.9649,119.6625,120.3936,121.0778,121.6586,122.1301,122.565,123.2045,123.9464,124.598,125.2076,125.661,126.0384,126.5523,127.1776,128.0415,128.7276,129.3683,129.8387,130.3254,130.7099,130.8364,131.0479,131.1556,131.2655,131.3712,131.3563,131.4331,131.4973,131.5157,131.4814,131.3793,131.2708,131.0876,130.9095,130.6461,130.3299,129.994,129.5542,129.0607,128.5658,128.021,127.3856,126.7847,126.2745,125.6627,125.0678,124.3642,123.7104,123.1029,122.4858,121.9684,121.4568,120.964,120.4432,119.9527,119.5426,119.0721,118.692,118.3242,117.936,117.5172,117.1,116.7009,116.2448,115.8494,115.404,115.014,114.7449,114.5992,114.5538,114.4591,114.4167,114.4177,114.4093,114.4807,114.4724,114.3996,114.2992,114.1928,114.0227,113.8235,113.625,113.3994,113.2562,113.0708,112.8977,112.7765,112.7153,112.7516,112.8674
Q,Quarterly,ES,Spain,P,Private non-financial sector,A,All sectors,A,Credit-to-GDP ratios (actual data),,,,Q:ES:P:A:A,,,,,,,,,,,,,,,,,,,,,,,,,,,,,,,,,,,,,,,,,,,,,,,,,,,,,,,,,,,,,,,,,,,,,,,,,,,,,,,,,,,,,,,,,,77.689568260295,77.999321276495,78.322404327896,80.811218911756,81.02375877792,81.727347559248,81.35396404064,83.131210965754,82.449243460323,83.683081102811,84.539288970465,86.845605953056,87.124784634421,88.683719486192,89.72077457406,91.155021353986,89.503015535834,89.634133651137,90.581868599478,92.851057972311,93.432088287318,94.517850128399,94.908706195907,96.696244704706,96.02826878221,97.475282661836,97.494253876391,98.534718204413,97.272307674338,96.035472303585,93.674203736414,93.056426204271,90.561069643552,89.452576139491,87.564847354993,87.184000865656,86.858782579398,86.337902983488,86.059016430792,86.841205621354,86.569142488836,86.86967408816,87.283161768447,88.894818599847,89.21727673366,90.510095327542,91.565702487766,94.527123478827,93.78513819464,94.406040683447,94.46515764721,95.820445231872,95.322667719151,95.193367510175,93.87529888896,95.115514819682,92.017791482985,92.254142924492,89.423121939019,91.656304086353,88.253152903513,88.524046544684,86.477144618422,87.276642406486,83.308179448222,82.942140935724,80.797548412704,81.880932691941,79.530733648538,79.90277374177,78.35131390208,80.211696288222,78.451409895014,79.173090273925,79.796591391911,83.503042442533,82.872262686693,86.030894118992,85.357863487574,86.929557030032,86.666733554237,87.935117460207,88.143985511812,87.610445663271,88.37006375439,89.425911987471,89.114504634085,89.837113196312,87.436963376084,88.164596694096,88.5619000604,90.346741589638,89.683961860614,90.805751783625,90.447093182071,91.109450580425,88.86449310059,88.450778216883,87.046458966554,86.761288595801,85.234995784451,84.923476860341,83.651602765592,83.098413575112,81.833401955151,82.471307102751,81.639583700854,82.584607859683,82.988870624787,84.173180760661,84.988127037879,85.924619952978,86.693400702708,89.398681447498,89.641345149652,92.051860977232,95.975643657952,103.00181570485,104.323639482,107.52278441991,111.8137135125,115.7929050822,120.0644601726,122.25018568977,122.93582479605,126.06032076127,129.43034690492,131.4013230836,133.53200533586,134.93979031093,135.3223985675,138.08436752239,139.32610727805,141.75792597809,143.48499205617,148.27524195585,150.81494735706,155.68759164925,157.55921397224,162.04186540302,165.53201125086,171.48400863405,173.75026785283,179.53665172323,185.56245940072,190.79482442309,194.7968060217,201.4733249563,204.6510583172,212.58869934479,214.42078758528,216.44874070154,215.3878108515,218.55034614168,219.67331837435,221.4121799487,223.92859874649,226.41343108825,228.38727094577,229.89360037088,230.87122595078,233.79376261078,232.16301587204,230.98639951347,228.58850270911,228.55679958121,227.19898648992,226.37533493623,226.83210478002,227.07544136204,225.84905344852,217.94188187967,214.83080988114,212.72972947861,210.22364816312,207.98038710986,204.46987695852,202.12992742045,199.13125533459,193.7892042824,191.24535422265,187.76491404603,183.43799006948,180.0359116632,177.52288097334,176.69220973979,173.76732087624,172.19579916418,170.10727905791,167.75209955678,164.3509123843,161.67172639194,160.04429875828,159.83210086376,157.85585807441,156.12179074732,155.12736480116,154.89679100533,153.74901221199,151.86630081917,152.4371531113,164.06734453199,166.44566976617,170.77604422191,172.00238999116,167.13252166721,162.84493349448,159.09901786683,153.60965252638,150.244227795,146.51272999038,141.79107948975,137.68367229902,135.37598260266,131.62916004186,129.6666157017,128.95900423346,128.47081524985,126.89634149834,124.51305564093,123.51451179495,123.72109330954,121.19089633517,119.4547971967,119.41015293478
Q,Quarterly,JP,Japan,P,Private non-financial sector,A,All sectors,A,Credit-to-GDP ratios (actual data),,,,Q:JP:P:A:A,,,,,,,,,,,,,,,,,,,,,,,,,,,,,,,,,,,,,,,,,,,,,,,,,,,,,,,,,,,,,,,,,,,,,110.78082460454,111.58131897571,111.53095817091,114.02626042685,117.83482249142,118.19403086863,116.38349175681,117.50915832969,118.37341237939,117.51956768534,117.03575610284,117.99755158096,119.21055798827,118.12276362407,116.70806206931,116.69235773216,116.94333597225,116.44599214727,115.9970838501,116.52723693019,118.75208606688,116.36456870183,115.63348236695,116.11511263619,118.83010777064,120.03051071155,122.33538076877,126.20817937178,131.85864007382,132.71513567263,133.33451244292,136.42207622522,140.74996935253,140.4497234456,139.15087867017,139.14646194291,139.29394803748,137.49513551455,134.9930692502,132.74504274271,133.086191446,131.95447350333,132.07193082983,134.06394614933,137.44037738093,137.10555975804,136.47327959925,136.79341564156,138.469279219,137.13647311587,135.68178558107,136.06363587095,136.9869908956,135.61316352629,134.0262562945,134.12205157198,136.01177794623,134.62654503007,134.03464228948,135.71361559161,138.48761862464,138.99322924564,138.96510151723,139.11459117241,140.14524865923,139.4250016851,138.32430468284,140.11031541892,143.49236535501,143.87835560049,143.79485206196,146.16184608036,149.17802842917,151.16861245254,151.00068509505,152.88337459415,155.72745647914,156.59062128825,155.37776153264,158.04361555971,159.3826691144,160.41215539202,158.98621103295,160.30555648588,162.03992660688,162.30790142758,161.8448779305,164.49516646679,168.25194170784,170.19095581982,176.32222473685,180.26151628473,183.67325767247,183.06176325307,183.52592443471,186.30729349696,190.02157943379,191.16998887123,192.57971265966,197.1525148787,201.04987632718,205.94288303815,204.25663161848,205.95318700117,207.64690855134,205.5657857441,204.46314907995,204.63115594108,206.27475432956,204.85485284119,204.75272624061,205.42326928436,208.58685277267,208.51763863071,209.17049604253,211.25385827663,213.56459618363,211.40456515717,208.95194214215,209.29853301666,209.79583617418,209.18121097872,207.37067760383,207.96914274328,208.97109898084,207.06370315875,204.94560184777,203.71232710015,204.42481646243,201.07367018565,199.91779063953,199.33275652921,202.25804281311,199.64566140655,199.59869303468,200.90407781653,196.77383524785,193.58887756037,191.68732953827,191.26525687624,194.02738447384,191.23272855781,187.2142790566,186.45331183904,184.74973849913,182.17721628938,179.63146192699,179.4886663116,180.14052208276,179.34115195704,178.14108043299,175.7310127805,176.39791201868,174.19095517537,171.16111352554,168.97653399432,169.03917903632,166.01523527184,163.58180425158,162.03514705882,162.37738458291,163.22962807741,161.17313942912,161.97407520663,162.23484824347,161.46247962745,160.63588232888,161.26169624775,161.32790832351,160.39524598233,157.33194935925,158.04014722222,159.04409092904,157.19724461094,159.37065946592,159.91399811468,163.9742706367,165.36360238343,167.12156066333,169.26596314489,170.60969462943,167.75862034543,166.05215008533,163.49129716181,161.89096797048,160.85641576778,160.96032174027,161.81619071017,162.24425030297,160.96746341276,157.86677734543,158.8215609006,160.01282611495,160.05983902482,158.72178865426,158.36125864449,158.44226074341,157.21818371699,155.18229305538,155.16742829506,155.5568684627,154.02991369679,151.55130619402,150.85860997451,151.195424626,150.16616713619,150.67872765498,152.04757579169,153.47083447346,153.91388354514,153.21035416768,153.1954126065,153.44134702776,152.94370907185,153.52044630385,154.7623860943,156.37195946675,156.75867627713,157.20755213759,158.59165995904,160.98717781191,161.8836113884,173.38464367735,176.96360138775,179.05740539116,179.82537628818,177.3296274301,176.73241819949,177.74708712016,177.51429479489,178.44018394121,178.44935496122,178.85203263436,177.1887254904,175.97588267757,175.05433672986,174.52252834751,174.73095208437,174.40379963387,172.17327726542,173.22004694116,170.98782192565,170.0553158581,171.27248583764,173.44612259558,173.72715189629
Q,Quarterly,BE,Belgium,P,Private non-financial sector,A,All sectors,C,Credit-to-GDP gaps (actual-trend),,,,Q:BE:P:A:C,,,,,,,,,,,,,,,,,,,,,,,,,,,,,,,,,,,,,,,,,,,,,,,,,,,,,,,,,,,,,,,,,,,,,,,,,,,,,,,,,,,,,,,,,,,,,,,,,,,,,,,,,,,,,,,,,,,,,,,,,,,,,,,,,,,,,-4.8153,-4.7311,-4.7012,-5.1801,-2.0146,-3.0405,-4.3495,-6.609,-3.3494,-4.4567,-5.3563,-5.768,-4.8822,-6.6098,-7.0586,-8.2308,-7.1292,-8.1265,-7.7346,-9.0554,-8.4492,-8.6088,-7.7716,-8.553,-7.5017,-6.5249,-3.9311,-5.288,-4.2926,-3.3351,-1.6831,-0.7011,0.1791,0.2983,2.8853,3.2235,5.2869,3.4037,4.8856,4.9152,5.1899,6.1567,6.9288,6.325,6.5611,5.3937,6.3327,5.4539,14.2679,14.5223,14.7743,13.9421,13.7917,12.5245,12.3598,11.7208,10.4952,8.69,7.2287,4.5649,3.3036,3.2067,4.3862,4.6751,4.8792,6.7307,7.9919,8.4424,8.501,7.3513,9.6175,10.0547,10.6389,14.2946,15.179,16.9381,17.2993,18.1122,18.5648,19.2215,20.2015,19.2411,19.4861,18.3713,18.6569,15.8027,13.7268,11.3955,9.206,6.795,8.26,8.787,9.9014,9.1136,7.9707,7.1941,6.9041,4.8937,3.5934,1.8314,0.402,-0.4839,-0.3265,-0.5309,-1.4632,0.3503,1.8643,3.6699,4.6966,7.6465,10.7826,13.7406,19.3299,20.678,21.6072,21.5852,18.3336,13.5834,10.7143,4.344,0.0979,0.0729,1.9485,1.6976,3.1357,5.4145,7.1671,5.2355,1.5605,3.3262,5.423,-0.4086,-3.3352,-9.7715,-10.1769,-9.3238,-6.4534,1.3427,-8.065,-2.6869,-7.4363,7.7433,10.6671,7.8096,6.3209,-0.1987,-4.2611,-9.6122,-9.8364,-13.9909,-13.9809,-17.809,-16.8408,-17.1249,-17.3144,-13.1771,-17.2637,-19.3895,-15.2614,-16.1987,-8.7106,-9.2556,-17.0151,-17.8389,-22.7639,-27.5228,-31.7084,-31.8264,-34.1943,-38.4678,-42.0064,-42.8194,-38.2841,-36.2772,-34.6705,-35.0272,-33.6996,-33.3443,-31.5456,-31.2494,-30.8299,-30.2804
Q,Quarterly,BE,Belgium,P,Private non-financial sector,A,All sectors,B,Credit-to-GDP trend (HP filter),,,,Q:BE:P:A:B,,,,,,,,,,,,,,,,,,,,,,,,,,,,,,,,,,,,,,,,,,,,,,,,,,,,,,,,,,,,,,,,,,,,,,,,,,,,,,,,,,,,,,,,,,,,,,,,,,,,,,,,,,,,,,,,,,,,,,,,,,,,,,,,,,,,,93.2022,93.1555,93.1046,92.9995,93.1918,93.2845,93.2519,93.0087,93.0461,92.9825,92.8358,92.6475,92.5251,92.2556,91.9416,91.5261,91.1858,90.7599,90.3535,89.8386,89.3569,88.8529,88.3981,87.8779,87.4208,87.022,86.7935,86.4673,86.2015,85.9943,85.8924,85.853,85.8702,85.8953,86.0875,86.3052,86.6585,86.9,87.2393,87.5873,87.9592,88.3982,88.8934,89.3615,89.8531,90.2832,90.778,91.2291,92.218,93.2433,94.3053,95.3397,96.3861,97.3781,98.3794,99.3617,100.2897,101.1276,101.893,102.5133,103.0667,103.6197,104.2466,104.8972,105.5671,106.3526,107.2223,108.1308,109.0562,109.9283,110.9438,112.0001,113.1063,114.4418,115.8516,117.3879,118.9723,120.6318,122.3468,124.1299,126.0008,127.8488,129.7423,131.6027,133.5095,135.2813,136.9586,138.5232,139.9796,141.3113,142.7389,144.2105,145.7609,147.2818,148.7514,150.189,151.6215,152.9489,154.2089,155.3728,156.457,157.4905,158.5323,159.5617,160.5363,161.6136,162.779,164.052,165.3904,166.9073,168.6182,170.5178,172.7635,175.1186,177.5611,180.0376,182.3609,184.4391,186.3733,187.9562,189.3004,190.6433,192.0948,193.535,195.0612,196.7244,198.4979,200.1712,201.6403,203.2142,204.9148,206.2868,207.4887,208.3127,209.0973,209.9148,210.8832,212.2923,213.1591,214.3241,215.2099,216.9619,218.8957,220.6815,222.3938,223.7392,224.8493,225.6428,226.4077,226.9162,227.4025,227.6447,227.9139,228.1393,228.3258,228.7236,228.8636,228.8524,229.0486,229.1658,229.6898,230.1681,230.1825,230.1215,229.7466,229.0594,228.0853,227.0528,225.8315,224.3075,222.5161,220.6095,218.8956,217.2355,215.6094,213.9062,212.2229,210.5054,208.8377,207.1358,205.4074,203.6606
Q,Quarterly,KR,Korea,P,Private non-financial sector,A,All sectors,C,Credit-to-GDP gaps (actual-trend),,,,Q:KR:P:A:C,,,,,,,,,,,,,,,,,,,,,,,,,,,,,,,,,,,,,,,,,,,,,,,,,,,,,,,,,,,,,,,,,,,,,,,,,,,,,,,,,,,,,,,,,,,,,,,,,,,,,-3.8925,-4.5068,-4.3669,-4.8415,-5.3252,-6.242,-6.2243,-4.7388,-5.517,-9.5301,-10.8254,-11.2403,-12.4455,-12.9758,-14.6538,-13.8505,-14.2645,-14.3292,-13.567,-11.9423,-12.5359,-10.5397,-8.7274,-8.6804,-8.2219,-7.7698,-7.3078,-4.4928,-2.819,3.2347,4.6648,6.8442,8.312,7.7963,8.407,8.1706,9.436,9.3195,7.9437,9.5654,14.1295,13.7823,13.5418,10.7144,10.2282,9.3327,9.216,8.4617,8.5972,9.7532,11.3805,12.2875,9.2863,6.6082,6.6393,3.9402,2.2698,-0.2336,-1.7103,-2.9994,-5.3877,-9.2211,-7.988,-9.7263,-11.4052,-8.8486,-4.0788,-1.7622,-1.4586,-1.9835,-1.1075,-1.5743,2.6931,5.2611,4.3539,5.2514,4.1757,3.6842,2.9302,3.3587,3.8389,3.983,4.4704,6.3142,3.5996,3.2387,3.6205,5.2588,3.1355,2.6203,2.3081,1.4045,0.113,0.4468,1.8966,4.9731,4.512,8.1576,7.5327,7.7384,12.7814,9.7483,7.8972,9.9849,5.3466,9.0939,0.2965,-4.1083,-12.6898,-13.1799,-16.4022,-16.6306,-19.2163,-18.2051,-18.4239,-16.4496,-17.4797,-14.7831,-12.7581,-11.4161,-11.4438,-11.5929,-12.5455,-13.3129,-14.3881,-15.9829,-18.0348,-18.8212,-20.9925,-20.9016,-18.7913,-17.9958,-16.7221,-15.3056,-11.507,-8.7015,-5.4521,-3.7427,-2.3537,-1.7012,-0.7106,2.189,5.1056,7.4096,10.0163,11.1928,12.4496,12.377,10.7041,7.8106,6.3886,4.9068,2.6393,2.3068,2.8168,4.5512,3.7558,3.4207,3.7867,4.4573,2.8751,3.9735,3.3185,2.2093,0.5911,0.239,-0.232,1.0514,1.1718,0.4363,-0.1366,0.315,-0.2169,-0.9925,-1.2371,-1.7414,-1.858,-2.853,-2.0149,-2.6217,-3.3889,-3.008,-2.3839,-1.0797,-0.5733,0.1207,1.9053,3.4251,4.5682,7.0848,11.2729,13.9902,15.0815,15.579,15.311,15.0027,13.7711,11.494,11.3505,11.8718,11.2411,9.548,8.3705,7.5262,3.696,0.0975,-2.253,-3.7729,-5.1964,-5.5359,-6.3192,-6.9947,-8.6642,-15.1257
Q,Quarterly,KR,Korea,P,Private non-financial sector,A,All sectors,B,Credit-to-GDP trend (HP filter),,,,Q:KR:P:A:B,,,,,,,,,,,,,,,,,,,,,,,,,,,,,,,,,,,,,,,,,,,,,,,,,,,,,,,,,,,,,,,,,,,,,,,,,,,,,,,,,,,,,,,,,,,,,,,,,,,,,61.2001,61.8888,62.5847,63.2274,63.8165,64.3114,64.7992,65.4131,65.9513,66.132,66.1891,66.1971,66.0907,65.925,65.6082,65.336,65.0141,64.669,64.3635,64.1621,63.9018,63.7709,63.757,63.7353,63.7348,63.7553,63.7975,64.0224,64.3545,65.0885,65.9218,66.9047,67.9927,69.0584,70.1739,71.2856,72.489,73.6979,74.8333,76.081,77.6256,79.1687,80.7165,82.1104,83.4901,84.8302,86.1767,87.4912,88.8263,90.2434,91.7722,93.3721,94.812,96.107,97.4139,98.5715,99.6366,100.5579,101.392,102.1478,102.759,103.1375,103.5736,103.8957,104.1045,104.4444,105.0481,105.7801,106.527,107.2411,108.003,108.7359,109.7141,110.8456,111.9329,113.0793,114.1718,115.2425,116.2755,117.338,118.4338,119.5442,120.6893,121.9484,123.0605,124.1576,125.282,126.5072,127.6181,128.7041,129.7764,130.8001,131.7513,132.7221,133.7774,135.014,136.232,137.6685,139.082,140.5197,142.262,143.8494,145.3456,146.9756,148.3532,149.9565,151.0653,151.9196,152.2703,152.5721,152.6658,152.7196,152.5966,152.5009,152.3629,152.3092,152.1691,152.1567,152.2374,152.375,152.4925,152.5828,152.599,152.5504,152.4179,152.1698,151.7768,151.309,150.685,150.032,149.4672,148.9179,148.4131,147.963,147.7079,147.5964,147.6588,147.8112,148.038,148.2987,148.6139,149.0958,149.7499,150.5457,151.5044,152.5475,153.6814,154.8314,155.9047,156.8281,157.6818,158.4602,159.1154,159.7556,160.4291,161.2075,161.9473,162.6738,163.4271,164.2253,164.9392,165.7213,166.4721,167.164,167.7659,168.3484,168.904,169.5335,170.1717,170.7693,171.3344,171.9254,172.4861,173.0017,173.5014,173.97,174.429,174.8275,175.2697,175.6736,176.0288,176.4006,176.8036,177.2781,177.7802,178.3215,178.9663,179.702,180.5095,181.4699,182.6842,184.074,185.5497,187.0787,188.6175,190.1634,191.6624,193.0521,194.4522,195.9009,197.3324,198.6842,199.9835,201.2475,202.3022,203.1548,203.8715,204.4966,205.0333,205.5419,205.9961,206.401,206.6979,206.607
Q,Quarterly,PT,Portugal,P,Private non-financial sector,A,All sectors,C,Credit-to-GDP gaps (actual-trend),,,,Q:PT:P:A:C,,,,,,,,,,,,,,,,,,,,,,,,,,,,,,,,,,,,,,,,,,,,,,,,,,,,,,,,,,,,,,,,,,,,,,,,,,,,,,,,,,,,,,,,,,,,,2.0739,0.2797,1.5674,2.6208,7.424,8.5745,9.2359,9.4473,10.9639,11.9024,8.6393,8.5165,13.5465,9.5718,5.1361,3.2634,5.4839,3.087,3.25,1.8488,2.8768,-1.1999,-3.379,-5.9359,1.2637,-3.5296,-8.41,-8.7918,-4.5344,-7.8057,-6.6862,-8.148,-7.7658,-10.7058,-10.5798,-12.3356,-11.0757,-10.9806,-12.2813,-12.9287,-8.4799,-6.1788,-2.2722,-1.7597,-0.2232,0.6524,2.851,2.7003,4.3674,3.4392,5.3462,3.1872,9.131,4.3004,4.757,5.2897,4.0664,-0.7082,-4.6491,-9.9635,-15.748,-22.637,-26.3458,-28.794,-30.6128,-31.5356,-32.8013,-32.5027,-33.3376,-33.1357,-33.8089,-32.9652,-31.4972,-33.7552,-32.8066,-31.5849,-28.4466,-28.1154,-25.4578,-27.4189,-26.8521,-23.4879,-19.1727,-17.7085,-15.919,-17.2008,-15.2257,-12.4463,-7.7695,-7.1415,-2.9221,-1.4585,3.5133,2.8971,2.9696,2.9374,6.3224,3.8863,3.7519,3.6389,4.3958,8.9309,10.0915,10.6591,12.4825,14.3756,13.5659,12.9541,14.4862,19.5147,19.9269,20.4413,23.3747,23.4053,27.4171,28.5038,29.7033,33.2758,33.0966,33.2563,33.1147,34.8691,35.2443,35.3704,35.2385,33.1749,30.0984,30.3243,31.7148,33.9006,32.1713,29.8488,28.74,30.2899,29.4105,28.2283,27.317,24.1893,24.2194,21.9896,21.7004,20.9242,19.2218,17.1202,15.7771,14.3916,16.4278,15.5495,16.3084,17.3649,19.8118,18.6645,18.4624,20.5696,21.6386,20.0498,16.5536,13.8947,12.9079,8.8928,9.6143,9.532,8.4693,7.5896,5.7813,4.8266,4.364,5.0701,5.3005,1.7242,-1.9658,-7.4411,-12.6335,-17.9573,-21.5028,-24.022,-25.4785,-27.8792,-30.6623,-33.5773,-35.5024,-37.9557,-39.5676,-41.7429,-44.197,-43.5541,-43.9517,-44.7095,-45.0839,-45.9713,-47.3617,-46.8636,-47.1271,-46.5203,-46.0061,-45.4943,-46.4056,-43.905,-32.3601,-27.9412,-23.8557,-19.5373,-24.2403,-24.948,-26.3385,-28.4947,-30.7573,-32.7709,-34.5899,-37.2132,-39.3721,-38.7679,-40.2415,-39.5494,-37.6643,-36.1772,-34.9587,-32.3163,-30.126,-28.4107,-27.0389,-24.2507
Q,Quarterly,PT,Portugal,P,Private non-financial sector,A,All sectors,B,Credit-to-GDP trend (HP filter),,,,Q:PT:P:A:B,,,,,,,,,,,,,,,,,,,,,,,,,,,,,,,,,,,,,,,,,,,,,,,,,,,,,,,,,,,,,,,,,,,,,,,,,,,,,,,,,,,,,,,,,,,,,84.5457,85.1957,85.9758,86.8619,88.2146,89.6864,91.2314,92.8083,94.5328,96.3539,97.9111,99.4693,101.4551,103.1346,104.4707,105.6655,107.0372,108.2321,109.4431,110.5537,111.7424,112.638,113.3753,113.9264,114.9763,115.6943,116.0715,116.4117,117.0283,117.4198,117.8755,118.226,118.5906,118.7541,118.9114,118.942,119.0358,119.1205,119.1083,119.0386,119.2271,119.546,120.0965,120.6751,121.3449,122.0675,122.9242,123.776,124.732,125.6388,126.6647,127.5698,128.8332,129.8238,130.8479,131.9107,132.9095,133.6336,134.1249,134.2972,134.115,133.5052,132.6431,131.5966,130.3988,129.0989,127.6754,126.2172,124.6588,123.0591,121.3673,119.6705,118.0061,116.1601,114.3148,112.4877,110.7916,109.0688,107.4546,105.6856,103.9051,102.276,100.8587,99.4952,98.2065,96.8178,95.5155,94.3493,93.4338,92.5419,91.8828,91.3036,91.0099,90.6862,90.3715,90.0597,89.9487,89.707,89.4637,89.2201,89.0262,89.1021,89.2596,89.4665,89.7963,90.256,90.6923,91.1152,91.6479,92.4954,93.3984,94.3637,95.5321,96.7402,98.2188,99.8048,101.5067,103.4637,105.4645,107.5284,109.6381,111.9034,114.247,116.6553,119.1134,121.5095,123.7814,126.1153,128.5791,131.2209,133.8178,136.3325,138.8316,141.4672,144.1011,146.7144,149.3209,151.7908,154.3018,156.7231,159.1635,161.5942,163.9604,166.2362,168.4622,170.6337,172.9464,175.2349,177.5927,180.0381,182.6533,185.2344,187.8341,190.5857,193.4326,196.2228,198.8433,201.3369,203.796,206.0437,208.3477,210.6626,212.9315,215.1632,217.3027,219.3964,221.4711,223.5938,225.7381,227.6841,229.4194,230.8348,231.9377,232.712,233.2521,233.6114,233.8475,233.9032,233.7526,233.3834,232.8484,232.1136,231.2239,230.144,228.8543,227.5299,226.1116,224.578,222.9501,221.1975,219.2897,217.3338,215.2863,213.1973,211.0625,208.8824,206.5756,204.338,202.6969,201.2587,200.0115,198.9753,197.6353,196.2149,194.6735,192.9645,191.0783,189.0256,186.8144,184.3951,181.7905,179.1568,176.3748,173.5673,170.8047,168.0667,165.3405,162.7103,160.1542,157.6483,155.1756,152.8203
Q,Quarterly,CH,Switzerland,P,Private non-financial sector,A,All sectors,B,Credit-to-GDP trend (HP filter),,,,Q:CH:P:A:B,,,,,,,,,,,,,,,,,,,,,,,,,,,,,,,,,,,,,,,,,,,,,,,,,,,,,,,,,,,,,,,,,,,,,,,,,,,,,,,,,,,,,,,,,,,,,144.3205,144.8106,145.2042,145.2764,145.3464,145.1825,145.0336,144.778,144.6109,144.1901,143.6678,143.159,142.7877,142.3169,141.7657,141.2075,139.4,137.7951,136.4898,135.3663,134.7102,134.1014,133.6696,133.2707,133.2156,133.0898,133.1173,133.1833,133.6493,133.937,134.335,134.7414,135.501,136.1076,136.8152,137.4709,138.3051,139.1205,140.0053,140.8359,141.8562,142.785,143.8337,144.7663,145.4913,145.858,146.186,146.7177,147.3459,147.9261,148.634,149.3602,150.174,150.8418,151.5833,152.2589,152.9457,153.6399,154.2459,154.7864,155.421,156.0101,156.6991,157.425,158.2006,159.0087,159.982,160.9655,161.9882,163.1687,164.4907,165.8869,167.3469,169.0085,170.8395,172.6077,174.4033,176.1635,177.9296,179.5841,181.1101,182.5436,183.9802,185.2941,186.5163,187.6836,188.8216,189.892,190.8942,191.8855,192.8238,193.6109,194.1466,194.6391,195.097,195.5228,195.9071,196.2918,196.6715,196.9868,197.3859,197.8725,198.3657,198.7817,199.2175,199.732,200.2167,200.563,200.8285,201.0181,201.1819,201.2077,201.1966,201.4172,201.7845,202.2172,202.5284,202.5927,202.5796,202.4093,202.2257,202.3709,202.2961,202.0013,201.5278,201.1689,200.722,200.2375,199.7894,199.4538,199.235,199.1577,199.1345,199.3497,199.2669,199.1482,198.9851,198.8233,198.6399,198.371,198.2295,197.7822,197.248,196.7655,196.4948,196.5901,196.7404,196.8277,196.9095,196.9047,197.0523,197.2117,197.1705,197.2969,197.6901,198.1774,198.8908,199.6074,200.4126,201.1107,201.6944,202.6004,203.341,204.1913,205.0814,206.0049,206.9534,208.0066,209.1621,210.3041,211.3836,212.3382,213.3913,214.4225,215.4491,216.2951,217.1962,218.0862,218.8852,219.7145,220.7344,222.0176,223.2095,224.3924,225.6133,226.8868,228.3204,229.7415,231.3418,233.112,234.4303,235.506,236.4482,237.5074,238.7241,240.2057,242.1077,243.9013,246.0122,248.3213,250.4888,253.1624,255.5537,257.701,259.4913,261.2253,262.8015,264.1092,265.0728,266.0135,266.7434,267.382,267.6765,268.0705,268.6236,268.9355,269.1023,269.1878,269.0399,268.9514,268.8904,269.0966
Q,Quarterly,CH,Switzerland,P,Private non-financial sector,A,All sectors,C,Credit-to-GDP gaps (actual-trend),,,,Q:CH:P:A:C,,,,,,,,,,,,,,,,,,,,,,,,,,,,,,,,,,,,,,,,,,,,,,,,,,,,,,,,,,,,,,,,,,,,,,,,,,,,,,,,,,,,,,,,,,,,,2.1996,0.065,-0.8946,-4.1446,-4.1048,-6.5222,-6.2606,-7.3437,-6.2356,-9.0484,-10.0921,-9.7751,-7.9607,-9.055,-9.9149,-9.8415,-25.7391,-22.6709,-18.3306,-15.585,-8.9748,-8.1709,-5.565,-5.0022,-0.0246,-1.0391,1.2042,1.746,7.6313,4.8201,6.3847,6.3847,11.6596,9.0588,10.4403,9.4051,12.0147,11.4545,12.3077,11.1656,13.9668,12.1701,13.8373,11.62,7.9437,1.8557,1.1738,4.5208,6.0161,5.0659,7.0777,7.2075,8.4991,5.8202,6.9171,5.6236,5.668,5.6446,3.9957,2.7754,4.3074,3.4141,5.0324,5.5287,6.2316,6.621,9.2759,9.2001,9.6209,12.0727,14.177,15.0628,15.748,18.7845,21.1858,19.5128,19.4454,18.293,17.8829,15.4609,12.8097,10.8547,10.6037,8.1893,6.3759,5.2497,4.596,3.2997,2.0289,1.7838,0.8188,-1.8173,-6.1063,-6.6831,-7.0902,-7.4468,-7.9547,-7.7234,-7.5915,-8.4915,-6.804,-5.103,-4.8441,-6.0414,-5.5299,-4.0137,-4.4174,-6.6824,-7.8904,-8.9796,-9.174,-11.2975,-11.619,-7.2893,-4.5504,-3.2926,-5.2982,-9.4147,-10.4879,-12.9096,-12.7748,-6.7359,-10.347,-13.8591,-16.5541,-14.1105,-15.2342,-15.4557,-14.3941,-12.0436,-9.6887,-6.9695,-5.841,-1.5554,-6.6633,-7.0946,-7.663,-7.4269,-7.5894,-8.8539,-6.4038,-11.5104,-12.6867,-11.4365,-7.4562,-0.921,0.057,-1.0341,-1.1005,-2.5674,0.1398,0.3397,-3.1356,-0.1527,4.464,5.9642,9.7063,9.4872,10.7527,8.5993,6.3805,11.7726,8.5813,10.2373,10.6373,10.9148,11.0421,12.5408,13.9561,13.3301,11.8755,9.3833,10.8207,10.1387,9.7755,6.3773,7.1513,6.7588,4.9942,5.3783,8.5229,12.8337,10.8949,10.4328,10.7961,11.4023,13.8495,13.2441,15.9694,18.4584,10.1269,5.6478,3.1819,5.1153,7.6943,12.0564,18.9849,16.5785,21.5949,24.4166,21.2809,29.4313,23.725,18.839,12.139,10.8243,7.7935,2.9318,-3.0989,-3.408,-6.9564,-8.3372,-14.0531,-11.9366,-8.8517,-12.7731,-14.9199,-15.9077,-19.4946,-17.9188,-16.9414,-11.8457
Q,Quarterly,PL,Poland,P,Private non-financial sector,A,All sectors,A,Credit-to-GDP ratios (actual data),,,,Q:PL:P:A:A,,,,,,,,,,,,,,,,,,,,,,,,,,,,,,,,,,,,,,,,,,,,,,,,,,,,,,,,,,,,,,,,,,,,,,,,,,,,,,,,,,,,,,,,,,,,,,,,,,,,,,,,,,,,,,,,,,,,,,,,,,,,,,,,,,,,,,,,,,,,,,,,,,,,,,,,,,,,,,,,,,,,,,,,,,,,,,,,,,30.681609320621,29.628771935142,28.352455683953,26.438744756949,25.823007063806,25.637864575288,25.259163282742,24.817281132768,24.198040204448,23.097450154175,21.952358379348,21.62997022976,20.919656240637,20.454396653185,20.685066748602,21.62127640637,21.736868590224,22.194525712816,23.370429465706,25.298372174912,25.972940326846,26.305530442399,26.84725967397,27.02254724362,28.583956859472,30.14848377746,32.030510064302,33.398780055529,34.669039013661,35.189845559826,36.606581311934,36.468300537548,36.893241075463,40.118286486673,39.254390636368,39.37186725665,40.071322880986,40.472760409378,42.70803870984,42.10624684256,43.186969127122,45.866508648628,48.184614065386,48.777774819868,49.556886566255,48.704216662114,48.757980241708,47.672917373658,48.036390469526,47.028111500814,45.947745864494,42.621157668,41.828198069639,42.326440328974,42.391758339458,43.211154842372,44.030781862768,45.979575319918,48.366450119102,49.848961346217,50.973562623555,52.847838502233,55.543399467543,56.864675263133,58.715567125072,60.19475813156,63.135936626653,69.668512329414,73.723617259349,72.319643536772,71.449931960052,69.600925895597,69.892166693358,72.569900715433,72.018440031711,72.790748290738,71.997044863151,73.051201663521,76.265699408429,76.764617345468,75.918823307079,76.437516525266,76.047218930085,76.840259246831,77.714471981332,79.532841287335,80.138029467852,79.508722460156,79.851266936756,81.035963465784,81.565809422062,82.05409565077,82.883786333046,83.671118458647,83.989786739667,83.312387225677,83.38862366707,84.409657682534,83.871204425183,86.044567129218,84.502118763611,83.525452290888,82.597012101892,81.187215124424,81.777162405184,81.777969398309,81.122359487591,80.018123297329,79.372853080036,78.411794319634,78.732882687838,77.194164491793,79.241307267572,79.394631726647,78.685246917408,78.668949078598,78.110329210994,75.732721321645,75.493022720306,73.963837578043,72.12064006021,70.1419402405,69.614570922721,65.374446508367,63.44636221853,61.417659426283,61.290503255991,59.718072482746,59.277917327772,59.07537970154,58.210973670426,58.092100541208,57.13041102296,57.068690426304,57.24903245044,56.788282117335,57.057433482704
Q,Quarterly,CN,China,P,Private non-financial sector,A,All sectors,A,Credit-to-GDP ratios (actual data),,,,Q:CN:P:A:A,,,,,,,,,,,,,,,,,,,,,,,,,,,,,,,,,,,,,,,,,,,,,,,,,,,,,,,,,,,,,,,,,,,,,,,,,,,,,,,,,,,,,,,,,,,,,,,,,,,,,,,,,,,,,,,,,,,,,,,,,,,,,,,,,,,,,,,,,,,,,,,,,,,,,,,,,62.41255179403,61.528014736424,63.133160984746,64.248095581774,71.671500104148,71.902375928094,72.907235256332,73.843085604264,72.849396518617,71.326222508556,72.029984380735,70.953025874322,69.202376220568,67.263385793321,66.691533540832,67.406287825479,72.611194713661,73.431975323748,75.751277447178,79.014410550343,81.415865113145,80.368701270208,80.15144206002,81.51071119173,82.664595600338,79.267289757605,78.465061219993,75.758925847008,80.12583526956,83.497163113209,82.115175819576,79.680760637967,82.337190815217,79.532701476783,78.004733607382,76.276845184138,75.755189680432,73.982604268443,72.27440424129,72.031316383752,74.941452785708,73.843650916374,75.8824107465,75.256684672179,77.534541400263,80.364588626187,80.694934825596,81.775049743951,84.518827500612,83.908196314008,85.405085488485,88.593450070954,90.693799625539,90.751906211491,92.111222751162,93.55899561538,104.28714465386,104.10086156075,100.82439933513,101.89684522141,104.48002419921,95.201716155547,96.695701723653,96.269358200248,96.910383003224,105.15286415106,107.4562191993,109.24005891248,110.48925029107,113.34386832026,118.48407099151,120.41424342651,118.95357637764,121.84154363169,118.40208497239,116.25978839148,114.94749898167,113.69804151029,110.69534281919,109.90696442097,108.2641315423,111.47185938337,112.40341348565,111.15049811685,109.22407470865,110.80300946149,111.337801758,110.52490941591,107.62654007634,108.06321648462,107.27632958558,106.76847338914,106.29956583393,118.45490957579,127.51896966468,131.74147825528,133.28150084084,136.20484581905,138.20390468322,138.12392299834,137.63706201474,137.99573500891,137.84187897179,136.5108336917,137.58193504203,140.7361291798,143.29661156331,146.62514496486,149.41828477892,155.22005491379,158.21529850637,161.12418639148,161.91135202736,166.21421775796,169.4347006274,169.97101500604,171.86208062775,176.00897325329,178.7841727886,182.02435312403,186.70770487427,190.94028571288,189.84354341798,188.78552097411,188.49736761953,189.08331426373,186.71068346086,184.97396577503,182.43322606607,182.60911646992,180.83658148024,179.03381210051,177.28478978022,180.41937709534,180.1050982356,180.2306498504,179.93825651637,189.47882822369,193.82884559474,194.73103368747,192.44926523615,190.18235277803,187.49099519995,185.48721244102,182.47593732803,185.51851073007,187.26094946747,187.64914763281,187.27533255964,193.20956091519,193.49881665535,194.02271633938,193.02077781416,198.24296632196,198.36756896376,198.84972272066,197.8978643854,201.89464749619,201.82521854389,201.45864461196,200.7931342884,204.11207778046
Q,Quarterly,GR,Greece,P,Private non-financial sector,A,All sectors,B,Credit-to-GDP trend (HP filter),,,,Q:GR:P:A:B,,,,,,,,,,,,,,,,,,,,,,,,,,,,,,,,,,,,,,,,,,,,,,,,,,,,,,,,,,,,,,,,,,,,,,,,,,,,,,,,,,,,,,,,,,,,,,,,,,,,,,,,,,,,,,,,,,,,,,,,,,,,,,,,,,,,,47.268,47.3729,47.5384,47.7812,48.1428,48.3392,48.4557,48.587,48.8592,48.9773,49.0669,49.0931,49.3201,49.3726,49.397,49.3704,49.5104,49.5927,49.6669,49.6855,49.735,49.7312,49.6953,49.5589,49.4517,49.3155,49.1492,48.9469,48.785,48.5721,48.3411,48.03,47.7396,47.4452,47.1685,46.8496,46.6645,46.4972,46.3171,46.0536,45.7415,45.4078,45.0528,44.6129,44.197,43.7154,43.3455,42.9788,42.6095,42.2204,41.8908,41.552,41.1376,40.6873,40.3151,39.9014,39.5818,39.2196,38.8848,38.5741,38.3192,38.0902,37.9047,37.7418,37.5779,37.4559,37.4162,37.3847,37.3716,37.4903,37.6273,37.7487,37.9325,38.2211,38.4996,38.8208,39.1867,39.648,40.242,40.9604,41.7718,42.6723,43.6477,44.6572,45.7459,46.8176,47.941,49.0532,50.2078,51.3417,52.4681,53.6597,54.8863,56.079,57.3508,58.6219,59.9569,61.3814,62.9196,64.5232,66.3119,68.0211,69.781,71.5923,73.4804,75.3145,77.2145,79.1685,81.2531,83.4498,85.7514,88.1334,90.5169,92.8576,95.0946,97.3498,99.55,101.667,104.0213,106.3091,108.7331,111.1622,113.62,116.078,118.2617,120.3821,122.5688,124.6509,126.672,128.5918,130.4061,132.1035,133.6466,135.1021,136.5187,137.8197,138.9793,140.0431,140.9693,141.7662,142.4801,143.1228,143.6636,144.0555,144.4052,144.6384,144.7314,144.6631,144.4959,144.2559,143.9342,143.5791,143.2259,142.6043,141.8575,141.0009,140.1352,139.3303,138.7503,138.4711,138.3256,138.331,138.4035,138.2397,137.882,137.314,136.5966,135.684,134.219,132.6299,130.9766,129.2817,127.6319,125.9388,124.2711,122.5959,121.1439,119.7792,118.4665,117.1695,115.9892,114.8093
Q,Quarterly,GR,Greece,P,Private non-financial sector,A,All sectors,C,Credit-to-GDP gaps (actual-trend),,,,Q:GR:P:A:C,,,,,,,,,,,,,,,,,,,,,,,,,,,,,,,,,,,,,,,,,,,,,,,,,,,,,,,,,,,,,,,,,,,,,,,,,,,,,,,,,,,,,,,,,,,,,,,,,,,,,,,,,,,,,,,,,,,,,,,,,,,,,,,,,,,,,-1.3375,-1.2886,-0.6681,0.1266,1.3586,-0.4135,-1.2715,-1.0891,0.513,-1.2609,-1.5748,-2.3023,0.1578,-1.9863,-2.3043,-2.9144,-0.7247,-1.4637,-1.5483,-2.2651,-1.8078,-2.5094,-2.9093,-4.2713,-3.7788,-4.1258,-4.486,-4.9276,-4.2355,-4.9137,-5.0896,-6.2039,-5.7601,-5.7032,-5.31,-5.8567,-3.6263,-3.2653,-3.3966,-4.657,-5.3352,-5.5616,-5.78,-7.0331,-6.4725,-7.3997,-5.379,-5.1938,-5.1092,-5.3159,-4.1871,-4.2354,-5.4006,-5.8693,-4.4002,-4.9877,-3.2632,-3.9009,-3.3327,-2.8351,-1.8069,-1.3155,-0.5363,-0.1358,-0.1499,0.5745,1.9703,2.059,2.3173,4.5221,4.7127,4.3139,5.2712,6.9299,6.564,7.1189,7.691,9.1231,11.1579,12.9949,14.2348,15.3776,16.2387,16.3735,17.2816,16.5028,16.934,16.2644,16.5386,15.7186,15.147,15.8468,16.0067,14.9701,15.915,15.4566,16.1251,17.2172,18.6966,19.2996,21.9536,19.9635,20.2782,20.595,21.3417,19.8101,20.3901,20.7498,22.4217,23.727,24.873,25.5612,24.8696,23.429,20.9809,20.7054,19.1719,17.1967,20.8129,19.0782,20.896,20.3961,20.3194,19.752,14.4559,12.959,13.7379,11.5468,10.1671,8.1305,6.0803,3.8892,1.1129,-0.4302,-1.0908,-3.0593,-5.4152,-6.9187,-9.1027,-11.0818,-12.2047,-13.092,-14.4841,-16.6522,-16.9123,-18.4513,-20.3558,-22.5705,-23.6463,-24.2411,-24.9706,-24.848,-24.1154,-28.0774,-29.4515,-30.5221,-29.8213,-27.9334,-23.2597,-17.4071,-14.6074,-11.5882,-10.1023,-13.9041,-16.8638,-20.0261,-22.0443,-24.799,-33.6522,-34.8498,-34.9795,-34.7167,-32.9611,-32.7837,-31.4212,-30.6694,-25.9477,-23.7096,-22.1461,-21.249,-18.637,-18.1049
Q,Quarterly,GB,United Kingdom,P,Private non-financial sector,A,All sectors,A,Credit-to-GDP ratios (actual data),,,,Q:GB:P:A:A,,,,,,,,,,,,,,,,,,,,,,,,,,,,,,,,,,,,,,,,,,,,,,,,,,,,,,,,,,,,,,55.400671773277,54.664339585407,53.847943974637,52.708772826024,59.986941105431,58.718000769663,57.448011823016,56.213588939231,62.729999286638,61.654374722599,60.413675787638,59.399217972458,58.473044665381,57.372505787814,63.459771356547,62.37483737654,61.311063556919,60.337776412432,63.371430187423,62.780522513448,61.535591330671,64.176799499654,62.612955699408,60.625480993976,59.50158662129,61.660825949419,60.499826865283,59.384133824959,57.960157526025,59.363164851151,57.536859363269,58.579764484943,56.87712470066,55.224980563578,56.157019957501,57.142458626305,60.564181437773,61.286884252804,64.692963084246,65.028251023339,64.210450179447,66.291259230072,65.943496190951,63.913462869944,64.972913655527,64.846787759059,64.083944107487,61.306689756212,59.521490187223,59.320139860414,56.499476504501,57.879237294024,57.679720812619,57.217132275638,57.430322374236,58.312546393298,56.315129253018,56.456670073315,55.873017076251,56.029760374237,55.880793780868,56.36010990514,55.558713188504,55.457746063244,56.151868263084,56.684548050673,56.225082590826,55.627031978642,56.837347331713,57.124320766066,56.778157410557,56.674487755402,56.54363017654,56.486211137294,58.017190182655,60.568280398629,60.994082676172,63.054695250585,63.914919115119,65.468425502874,66.35618781536,67.370996927367,67.689706017185,68.339054049958,70.510605321161,72.308556069932,73.298764872357,75.831975639016,77.286167389619,76.344906894497,77.831586074098,77.120983177924,79.793459086864,81.123366186191,81.716851289881,84.480561320551,86.3313807568,87.063539813191,88.398726238374,88.232069713276,90.614814223119,94.205334681106,96.935136620994,98.106327732887,100.96976173265,103.5656346765,105.79369310566,106.66628824431,112.22775579665,113.72066264986,113.43441781417,114.3079183984,114.96052733663,116.73307003123,115.92373261809,114.38469534172,113.56192704414,112.63701507495,112.02770625108,115.42945442097,112.87054196441,112.20590492077,112.4408055054,113.93596499178,111.75783625761,109.26325896953,109.15427827423,110.49160015586,109.52723717904,110.07889923023,109.50131457502,111.58832219585,108.7835416477,109.32526184604,108.99656904846,108.26951135551,107.78295331526,109.60606336149,111.5578074717,111.42822566427,112.89210897086,114.49478541256,118.35187123988,119.51238726611,122.58774181827,125.33330203278,126.28404288886,128.2865541827,129.7072979402,132.9501681443,134.66958758081,135.51779166316,139.11799105237,140.01092748831,141.28757933085,143.83308040906,145.87824891272,148.41226431381,153.81349184838,153.97406428348,151.72575028303,154.06207192689,154.50080306886,154.07698364042,153.73092792048,154.11022079635,156.62677543457,157.61338454108,158.31705934935,161.99504554301,163.80112172112,165.11880642708,165.924979196,168.16681393697,171.46995074835,171.4905147218,170.0176755187,170.62396272688,173.89320162726,175.18265109436,178.10955554298,177.59656468522,178.28114894474,184.28090576994,183.87722982699,180.45637660413,184.05875306643,183.96324239053,185.1887666193,181.35060592763,180.87363924487,176.2483143432,174.85617114807,174.28387011293,173.25429212583,171.38540490854,173.4741324356,174.3227380541,174.35837983773,172.00437007901,169.85567920567,171.11062024941,168.72569525488,166.37407549836,163.4858729215,161.1952323547,159.76845417327,158.2360834232,158.66624392306,155.32188672419,155.76314539409,156.1266607746,156.82276320314,160.18538828904,162.26757705975,161.56517878743,161.99642557444,160.4368013858,161.13106785588,161.84128337391,159.44884328198,158.55175425526,156.93588421771,156.16476457697,153.71853285731,154.93125117612,156.31759284927,154.58691916993,158.09164422395,166.92276691083,170.25943529967,173.78318084265,174.81694844421,169.97119825331,167.26108946366,163.36816707798,157.74035116952,154.3457239382,152.40066422198,149.33805356092,145.33877561545,141.57976285362,140.73341799126,139.81368842845,140.42134652529,140.06750926222,139.4059266806,137.67186735819,132.56726808404,130.76760764033,131.5153173212,131.28980291436,128.4363443993
Q,Quarterly,ZA,South Africa,P,Private non-financial sector,A,All sectors,A,Credit-to-GDP ratios (actual data),,,,Q:ZA:P:A:A,,,,,,,,,,,,,,,,,,,,,,,,,,,,,,,,,,,,,,,,,,,,,,,,,,,,,,,,,,,,,,,,,,,,,,62.360553622383,63.01112750062,61.630741181945,60.003306018178,57.065144959772,56.666097238008,57.096938475771,57.438796448761,58.271158675452,58.215873562358,58.0476401002,57.270726089581,56.397989477818,55.583798565416,56.022049038916,56.609091662943,57.649605283181,57.359410364858,57.599776554313,58.201690053831,58.220232801076,58.217459462892,58.666502282394,59.463786113778,58.909704468166,59.91820764762,58.640670332822,56.687828459606,56.063071471902,53.797005002834,55.471479612628,56.452194897561,57.198052278802,59.157403363097,59.936834749874,59.889388100359,59.917947881324,59.357579477384,58.634084873375,58.447792336888,58.613341063962,57.696933651544,57.592038579316,56.790689807261,56.446979742591,55.458814652881,55.240593358269,55.71836602713,54.680251811969,54.64987617279,54.067460334307,52.539170989134,52.217850449353,53.509849985435,53.424896682952,52.868400031583,51.777816915171,51.415277660232,51.87732270102,50.857504852907,49.167618753992,47.892083922148,47.682584209019,48.5939560918,52.372018841343,53.889284408879,54.608797946947,54.898686244212,56.034383359081,56.550567175238,57.517178705348,57.868648917133,57.852134239792,56.576514913295,57.903894763432,57.198494091798,58.821915299718,60.244323972717,60.167023637809,61.275568991918,60.742907678894,61.014619543377,64.338513395474,63.625229952042,61.01124131938,60.043494267195,56.141306794026,55.653047081527,53.326800840951,51.925797379614,52.162780504867,52.754642448579,54.295901530385,53.646473516374,54.861119663384,54.940882551015,55.332989654833,54.814709314833,54.714696508001,54.953177998894,53.898444076134,53.756877721537,53.321779276824,54.363669446792,55.555873583462,54.963447916397,55.237067737309,54.379854649332,53.270823007454,52.801401638537,52.950133101648,53.194285010305,52.61608242125,51.433827902302,51.604722328648,51.335516006232,51.299667849291,50.887661135354,52.026690782876,52.618733929292,52.794318224983,52.79346789879,53.595834128224,54.433476060277,55.554551359758,55.558133974633,56.196724957197,56.569023301736,56.639557980597,56.962740514345,57.781825336219,58.598510810011,60.573002496862,62.146812382207,62.082650975334,63.523149557694,63.791183316138,63.48315407803,62.502517495268,62.018408744686,60.050827411391,59.330164232149,60.368807335226,60.019710809353,59.600353484848,58.855335097869,60.436910259027,63.59542484271,60.707029874614,59.632275989487,58.832092134194,56.894136220027,60.468301953814,59.859317029138,60.506383839466,61.335063028451,59.144939098905,57.887634445699,59.205187974689,61.125552635489,61.763534399644,63.533348566837,64.890145809851,66.481779059186,69.258620691686,70.580578999674,74.302367056135,75.911472591355,76.549048714056,77.951921602435,79.741689380665,79.985050363201,82.510091792324,81.759760825491,81.261581066846,80.54964035236,80.449876325478,78.123583218064,77.34485396487,77.68634746224,76.95831334423,76.295658180632,76.48116964323,74.751805044056,73.947701198524,73.218736465833,72.16527170034,72.050983949571,73.067937204297,72.82251891321,73.905987091347,74.610500244126,75.234855642134,75.575521182571,75.356408921648,75.405044084996,76.128664961095,75.981326494296,76.20302480441,75.150044124978,76.113839556186,75.785987060014,76.075661915913,77.736190872392,78.495060771748,76.612320830766,76.375300837687,75.762853856252,76.28554121111,74.985593183097,75.30647201741,74.503204151873,74.968510353455,74.467454422052,74.642692594703,73.747429843387,75.792734057487,74.597302980744,75.494714874203,74.225848185639,76.530042287526,77.254725707922,75.826395763804,75.227042282955,75.066326151183,69.962885998876,69.547707925433,67.748930215727,67.794775872061,67.793938740417,68.547222192939,68.836667689609,69.30869030231,68.089857893473,68.363319147131,67.299405491223,68.59509629316,67.160248510475,67.811809829867,66.90638046716,67.11593166963,67.149233925461,67.18199535893,66.731483793289,67.243648636346
